location,campus,date,day_of_week,meal_period,category,item
Busch Dining Hall,Busch,2025-10-04,Saturday,Breakfast,BAGEL NUTRITION,CINNAMON RAISIN BAGELS
Busch Dining Hall,Busch,2025-10-04,Saturday,Breakfast,BAGEL NUTRITION,EGG BAGEL
Busch Dining Hall,Busch,2025-10-04,Saturday,Breakfast,BAGEL NUTRITION,EVERYTHING BAGEL
Busch Dining Hall,Busch,2025-10-04,Saturday,Breakfast,BAGEL NUTRITION,GARLIC BAGEL
Busch Dining Hall,Busch,2025-10-04,Saturday,Breakfast,BAGEL NUTRITION,JALAPENO BAGEL
Busch Dining Hall,Busch,2025-10-04,Saturday,Breakfast,BAGEL NUTRITION,ONION BAGEL
Busch Dining Hall,Busch,2025-10-04,Saturday,Breakfast,BAGEL NUTRITION,PLAIN BAGELS
Busch Dining Hall,Busch,2025-10-04,Saturday,Breakfast,BAGEL NUTRITION,POPPY BAGEL
Busch Dining Hall,Busch,2025-10-04,Saturday,Breakfast,BAGEL NUTRITION,SALT BAGEL
Busch Dining Hall,Busch,2025-10-04,Saturday,Breakfast,BAGEL NUTRITION,SESAME BAGEL
Busch Dining Hall,Busch,2025-10-04,Saturday,Breakfast,BAGEL NUTRITION,SUNDRIED TOMATO BAGEL
Busch Dining Hall,Busch,2025-10-04,Saturday,Breakfast,BAGEL NUTRITION,WHOLE WHEAT BAGEL
Busch Dining Hall,Busch,2025-10-04,Saturday,Breakfast,YOGURT BAR,PLAIN GREEK CHOBANI YOGURT
Busch Dining Hall,Busch,2025-10-04,Saturday,Breakfast,YOGURT BAR,STRAWBERRY YOGURT
Busch Dining Hall,Busch,2025-10-04,Saturday,Breakfast,YOGURT BAR,VANILLA YOGURT
Busch Dining Hall,Busch,2025-10-04,Saturday,Breakfast,YOGURT BAR,COTTAGE CHEESE
Busch Dining Hall,Busch,2025-10-04,Saturday,Breakfast,YOGURT BAR,GRANOLA OATS & HONEY
Busch Dining Hall,Busch,2025-10-04,Saturday,Breakfast,YOGURT BAR,CRAISINS
Busch Dining Hall,Busch,2025-10-04,Saturday,Breakfast,YOGURT BAR,RAISINS
Busch Dining Hall,Busch,2025-10-04,Saturday,Breakfast,YOGURT BAR,PUMPKIN SEEDS
Busch Dining Hall,Busch,2025-10-04,Saturday,Breakfast,YOGURT BAR,SUNFLOWER SEEDS
Busch Dining Hall,Busch,2025-10-04,Saturday,Breakfast,FRESH FRUIT,GRANNY SMITH APPLES
Busch Dining Hall,Busch,2025-10-04,Saturday,Breakfast,FRESH FRUIT,RED DELICIOUS APPLES
Busch Dining Hall,Busch,2025-10-04,Saturday,Breakfast,FRESH FRUIT,BANANAS
Busch Dining Hall,Busch,2025-10-04,Saturday,Breakfast,FRESH FRUIT,WHOLE ORANGES
Busch Dining Hall,Busch,2025-10-04,Saturday,Breakfast,FRESH FRUIT,RED GRAPEFRUIT
Busch Dining Hall,Busch,2025-10-04,Saturday,Breakfast,FRESH FRUIT,STRAWBERRIES
Busch Dining Hall,Busch,2025-10-04,Saturday,Breakfast,FRESH FRUIT,GREEN SEEDLESS GRAPES
Busch Dining Hall,Busch,2025-10-04,Saturday,Breakfast,FRESH FRUIT,RED SEEDLESS  GRAPES
Busch Dining Hall,Busch,2025-10-04,Saturday,Breakfast,FRESH FRUIT,WATERMELON
Busch Dining Hall,Busch,2025-10-04,Saturday,Breakfast,FRESH FRUIT,CUT HONEYDEW MELON
Busch Dining Hall,Busch,2025-10-04,Saturday,Breakfast,FRESH FRUIT,CUT PINEAPPLE
Busch Dining Hall,Busch,2025-10-04,Saturday,Breakfast,FRESH FRUIT,CUT CANTELOUPE
Busch Dining Hall,Busch,2025-10-04,Saturday,Breakfast,BREADS,ENGLISH MUFFIN
Busch Dining Hall,Busch,2025-10-04,Saturday,Breakfast,BREADS,PANINI BREAD
Busch Dining Hall,Busch,2025-10-04,Saturday,Breakfast,BREADS,PITA BREAD
Busch Dining Hall,Busch,2025-10-04,Saturday,Breakfast,BREADS,SLICED PUMPERNICKEL BREAD
Busch Dining Hall,Busch,2025-10-04,Saturday,Breakfast,BREADS,SLICED RYE BREAD
Busch Dining Hall,Busch,2025-10-04,Saturday,Breakfast,BREADS,SLICED WHOLE WHEAT BREAD
Busch Dining Hall,Busch,2025-10-04,Saturday,Breakfast,BREADS,SLICED WHITE BREAD
Busch Dining Hall,Busch,2025-10-04,Saturday,Breakfast,BREADS,VARIETY WRAPS
Busch Dining Hall,Busch,2025-10-04,Saturday,Breakfast,BREADS,MEDIUM KAISER ROLL
Busch Dining Hall,Busch,2025-10-04,Saturday,Lunch,BREAKFAST ENTREES,ALFREDO SAUCE
Busch Dining Hall,Busch,2025-10-04,Saturday,Lunch,BREAKFAST ENTREES,BABY SPINACH
Busch Dining Hall,Busch,2025-10-04,Saturday,Lunch,BREAKFAST ENTREES,BROCCOLI
Busch Dining Hall,Busch,2025-10-04,Saturday,Lunch,BREAKFAST ENTREES,CANOLA OIL
Busch Dining Hall,Busch,2025-10-04,Saturday,Lunch,BREAKFAST ENTREES,CHOPPED GARLIC
Busch Dining Hall,Busch,2025-10-04,Saturday,Lunch,BREAKFAST ENTREES,DICED TOFU
Busch Dining Hall,Busch,2025-10-04,Saturday,Lunch,BREAKFAST ENTREES,FRESH CHICKEN STRIPS
Busch Dining Hall,Busch,2025-10-04,Saturday,Lunch,BREAKFAST ENTREES,MARINARA SAUCE
Busch Dining Hall,Busch,2025-10-04,Saturday,Lunch,BREAKFAST ENTREES,OLIVE AND CANOLA OIL BLEND
Busch Dining Hall,Busch,2025-10-04,Saturday,Lunch,BREAKFAST ENTREES,PARMESAN CHEESE
Busch Dining Hall,Busch,2025-10-04,Saturday,Lunch,BREAKFAST ENTREES,PENNE  PASTA
Busch Dining Hall,Busch,2025-10-04,Saturday,Lunch,BREAKFAST ENTREES,PESTO
Busch Dining Hall,Busch,2025-10-04,Saturday,Lunch,BREAKFAST ENTREES,PINK PASTA SAUCE
Busch Dining Hall,Busch,2025-10-04,Saturday,Lunch,BREAKFAST ENTREES,PORK SAUSAGE CRUMBLES
Busch Dining Hall,Busch,2025-10-04,Saturday,Lunch,BREAKFAST ENTREES,RED ONION
Busch Dining Hall,Busch,2025-10-04,Saturday,Lunch,BREAKFAST ENTREES,SHREDDED MOZZARELLA CHEESE
Busch Dining Hall,Busch,2025-10-04,Saturday,Lunch,BREAKFAST ENTREES,SHRIMP
Busch Dining Hall,Busch,2025-10-04,Saturday,Lunch,BREAKFAST ENTREES,SLICED MUSHROOMS
Busch Dining Hall,Busch,2025-10-04,Saturday,Lunch,BREAKFAST ENTREES,WHOLE WHEAT PENNE
Busch Dining Hall,Busch,2025-10-04,Saturday,Lunch,BREAKFAST ENTREES,BUILD YOUR OWN OMELET
Busch Dining Hall,Busch,2025-10-04,Saturday,Lunch,BAGELS,ALFREDO SAUCE
Busch Dining Hall,Busch,2025-10-04,Saturday,Lunch,BAGELS,BABY SPINACH
Busch Dining Hall,Busch,2025-10-04,Saturday,Lunch,BAGELS,BROCCOLI
Busch Dining Hall,Busch,2025-10-04,Saturday,Lunch,BAGELS,CANOLA OIL
Busch Dining Hall,Busch,2025-10-04,Saturday,Lunch,BAGELS,CHOPPED GARLIC
Busch Dining Hall,Busch,2025-10-04,Saturday,Lunch,BAGELS,DICED TOFU
Busch Dining Hall,Busch,2025-10-04,Saturday,Lunch,BAGELS,FRESH CHICKEN STRIPS
Busch Dining Hall,Busch,2025-10-04,Saturday,Lunch,BAGELS,MARINARA SAUCE
Busch Dining Hall,Busch,2025-10-04,Saturday,Lunch,BAGELS,OLIVE AND CANOLA OIL BLEND
Busch Dining Hall,Busch,2025-10-04,Saturday,Lunch,BAGELS,PARMESAN CHEESE
Busch Dining Hall,Busch,2025-10-04,Saturday,Lunch,BAGELS,PENNE  PASTA
Busch Dining Hall,Busch,2025-10-04,Saturday,Lunch,BAGELS,PESTO
Busch Dining Hall,Busch,2025-10-04,Saturday,Lunch,BAGELS,PINK PASTA SAUCE
Busch Dining Hall,Busch,2025-10-04,Saturday,Lunch,BAGELS,PORK SAUSAGE CRUMBLES
Busch Dining Hall,Busch,2025-10-04,Saturday,Lunch,BAGELS,RED ONION
Busch Dining Hall,Busch,2025-10-04,Saturday,Lunch,BAGELS,SHREDDED MOZZARELLA CHEESE
Busch Dining Hall,Busch,2025-10-04,Saturday,Lunch,BAGELS,SHRIMP
Busch Dining Hall,Busch,2025-10-04,Saturday,Lunch,BAGELS,SLICED MUSHROOMS
Busch Dining Hall,Busch,2025-10-04,Saturday,Lunch,BAGELS,WHOLE WHEAT PENNE
Busch Dining Hall,Busch,2025-10-04,Saturday,Lunch,BAGELS,BUILD YOUR OWN OMELET
Busch Dining Hall,Busch,2025-10-04,Saturday,Lunch,SOUPS,ALFREDO SAUCE
Busch Dining Hall,Busch,2025-10-04,Saturday,Lunch,SOUPS,BABY SPINACH
Busch Dining Hall,Busch,2025-10-04,Saturday,Lunch,SOUPS,BROCCOLI
Busch Dining Hall,Busch,2025-10-04,Saturday,Lunch,SOUPS,CANOLA OIL
Busch Dining Hall,Busch,2025-10-04,Saturday,Lunch,SOUPS,CHOPPED GARLIC
Busch Dining Hall,Busch,2025-10-04,Saturday,Lunch,SOUPS,DICED TOFU
Busch Dining Hall,Busch,2025-10-04,Saturday,Lunch,SOUPS,FRESH CHICKEN STRIPS
Busch Dining Hall,Busch,2025-10-04,Saturday,Lunch,SOUPS,MARINARA SAUCE
Busch Dining Hall,Busch,2025-10-04,Saturday,Lunch,SOUPS,OLIVE AND CANOLA OIL BLEND
Busch Dining Hall,Busch,2025-10-04,Saturday,Lunch,SOUPS,PARMESAN CHEESE
Busch Dining Hall,Busch,2025-10-04,Saturday,Lunch,SOUPS,PENNE  PASTA
Busch Dining Hall,Busch,2025-10-04,Saturday,Lunch,SOUPS,PESTO
Busch Dining Hall,Busch,2025-10-04,Saturday,Lunch,SOUPS,PINK PASTA SAUCE
Busch Dining Hall,Busch,2025-10-04,Saturday,Lunch,SOUPS,PORK SAUSAGE CRUMBLES
Busch Dining Hall,Busch,2025-10-04,Saturday,Lunch,SOUPS,RED ONION
Busch Dining Hall,Busch,2025-10-04,Saturday,Lunch,SOUPS,SHREDDED MOZZARELLA CHEESE
Busch Dining Hall,Busch,2025-10-04,Saturday,Lunch,SOUPS,SHRIMP
Busch Dining Hall,Busch,2025-10-04,Saturday,Lunch,SOUPS,SLICED MUSHROOMS
Busch Dining Hall,Busch,2025-10-04,Saturday,Lunch,SOUPS,WHOLE WHEAT PENNE
Busch Dining Hall,Busch,2025-10-04,Saturday,Lunch,SOUPS,BUILD YOUR OWN OMELET
Busch Dining Hall,Busch,2025-10-04,Saturday,Lunch,DELI BAR ENTREE,ALFREDO SAUCE
Busch Dining Hall,Busch,2025-10-04,Saturday,Lunch,DELI BAR ENTREE,BABY SPINACH
Busch Dining Hall,Busch,2025-10-04,Saturday,Lunch,DELI BAR ENTREE,BROCCOLI
Busch Dining Hall,Busch,2025-10-04,Saturday,Lunch,DELI BAR ENTREE,CANOLA OIL
Busch Dining Hall,Busch,2025-10-04,Saturday,Lunch,DELI BAR ENTREE,CHOPPED GARLIC
Busch Dining Hall,Busch,2025-10-04,Saturday,Lunch,DELI BAR ENTREE,DICED TOFU
Busch Dining Hall,Busch,2025-10-04,Saturday,Lunch,DELI BAR ENTREE,FRESH CHICKEN STRIPS
Busch Dining Hall,Busch,2025-10-04,Saturday,Lunch,DELI BAR ENTREE,MARINARA SAUCE
Busch Dining Hall,Busch,2025-10-04,Saturday,Lunch,DELI BAR ENTREE,OLIVE AND CANOLA OIL BLEND
Busch Dining Hall,Busch,2025-10-04,Saturday,Lunch,DELI BAR ENTREE,PARMESAN CHEESE
Busch Dining Hall,Busch,2025-10-04,Saturday,Lunch,DELI BAR ENTREE,PENNE  PASTA
Busch Dining Hall,Busch,2025-10-04,Saturday,Lunch,DELI BAR ENTREE,PESTO
Busch Dining Hall,Busch,2025-10-04,Saturday,Lunch,DELI BAR ENTREE,PINK PASTA SAUCE
Busch Dining Hall,Busch,2025-10-04,Saturday,Lunch,DELI BAR ENTREE,PORK SAUSAGE CRUMBLES
Busch Dining Hall,Busch,2025-10-04,Saturday,Lunch,DELI BAR ENTREE,RED ONION
Busch Dining Hall,Busch,2025-10-04,Saturday,Lunch,DELI BAR ENTREE,SHREDDED MOZZARELLA CHEESE
Busch Dining Hall,Busch,2025-10-04,Saturday,Lunch,DELI BAR ENTREE,SHRIMP
Busch Dining Hall,Busch,2025-10-04,Saturday,Lunch,DELI BAR ENTREE,SLICED MUSHROOMS
Busch Dining Hall,Busch,2025-10-04,Saturday,Lunch,DELI BAR ENTREE,WHOLE WHEAT PENNE
Busch Dining Hall,Busch,2025-10-04,Saturday,Lunch,DELI BAR ENTREE,BUILD YOUR OWN OMELET
Busch Dining Hall,Busch,2025-10-04,Saturday,Lunch,ENTREES,ALFREDO SAUCE
Busch Dining Hall,Busch,2025-10-04,Saturday,Lunch,ENTREES,BABY SPINACH
Busch Dining Hall,Busch,2025-10-04,Saturday,Lunch,ENTREES,BROCCOLI
Busch Dining Hall,Busch,2025-10-04,Saturday,Lunch,ENTREES,CANOLA OIL
Busch Dining Hall,Busch,2025-10-04,Saturday,Lunch,ENTREES,CHOPPED GARLIC
Busch Dining Hall,Busch,2025-10-04,Saturday,Lunch,ENTREES,DICED TOFU
Busch Dining Hall,Busch,2025-10-04,Saturday,Lunch,ENTREES,FRESH CHICKEN STRIPS
Busch Dining Hall,Busch,2025-10-04,Saturday,Lunch,ENTREES,MARINARA SAUCE
Busch Dining Hall,Busch,2025-10-04,Saturday,Lunch,ENTREES,OLIVE AND CANOLA OIL BLEND
Busch Dining Hall,Busch,2025-10-04,Saturday,Lunch,ENTREES,PARMESAN CHEESE
Busch Dining Hall,Busch,2025-10-04,Saturday,Lunch,ENTREES,PENNE  PASTA
Busch Dining Hall,Busch,2025-10-04,Saturday,Lunch,ENTREES,PESTO
Busch Dining Hall,Busch,2025-10-04,Saturday,Lunch,ENTREES,PINK PASTA SAUCE
Busch Dining Hall,Busch,2025-10-04,Saturday,Lunch,ENTREES,PORK SAUSAGE CRUMBLES
Busch Dining Hall,Busch,2025-10-04,Saturday,Lunch,ENTREES,RED ONION
Busch Dining Hall,Busch,2025-10-04,Saturday,Lunch,ENTREES,SHREDDED MOZZARELLA CHEESE
Busch Dining Hall,Busch,2025-10-04,Saturday,Lunch,ENTREES,SHRIMP
Busch Dining Hall,Busch,2025-10-04,Saturday,Lunch,ENTREES,SLICED MUSHROOMS
Busch Dining Hall,Busch,2025-10-04,Saturday,Lunch,ENTREES,WHOLE WHEAT PENNE
Busch Dining Hall,Busch,2025-10-04,Saturday,Lunch,ENTREES,BUILD YOUR OWN OMELET
Busch Dining Hall,Busch,2025-10-04,Saturday,Lunch,COOK TO ORDER BAR,ALFREDO SAUCE
Busch Dining Hall,Busch,2025-10-04,Saturday,Lunch,COOK TO ORDER BAR,BABY SPINACH
Busch Dining Hall,Busch,2025-10-04,Saturday,Lunch,COOK TO ORDER BAR,BROCCOLI
Busch Dining Hall,Busch,2025-10-04,Saturday,Lunch,COOK TO ORDER BAR,CANOLA OIL
Busch Dining Hall,Busch,2025-10-04,Saturday,Lunch,COOK TO ORDER BAR,CHOPPED GARLIC
Busch Dining Hall,Busch,2025-10-04,Saturday,Lunch,COOK TO ORDER BAR,DICED TOFU
Busch Dining Hall,Busch,2025-10-04,Saturday,Lunch,COOK TO ORDER BAR,FRESH CHICKEN STRIPS
Busch Dining Hall,Busch,2025-10-04,Saturday,Lunch,COOK TO ORDER BAR,MARINARA SAUCE
Busch Dining Hall,Busch,2025-10-04,Saturday,Lunch,COOK TO ORDER BAR,OLIVE AND CANOLA OIL BLEND
Busch Dining Hall,Busch,2025-10-04,Saturday,Lunch,COOK TO ORDER BAR,PARMESAN CHEESE
Busch Dining Hall,Busch,2025-10-04,Saturday,Lunch,COOK TO ORDER BAR,PENNE  PASTA
Busch Dining Hall,Busch,2025-10-04,Saturday,Lunch,COOK TO ORDER BAR,PESTO
Busch Dining Hall,Busch,2025-10-04,Saturday,Lunch,COOK TO ORDER BAR,PINK PASTA SAUCE
Busch Dining Hall,Busch,2025-10-04,Saturday,Lunch,COOK TO ORDER BAR,PORK SAUSAGE CRUMBLES
Busch Dining Hall,Busch,2025-10-04,Saturday,Lunch,COOK TO ORDER BAR,RED ONION
Busch Dining Hall,Busch,2025-10-04,Saturday,Lunch,COOK TO ORDER BAR,SHREDDED MOZZARELLA CHEESE
Busch Dining Hall,Busch,2025-10-04,Saturday,Lunch,COOK TO ORDER BAR,SHRIMP
Busch Dining Hall,Busch,2025-10-04,Saturday,Lunch,COOK TO ORDER BAR,SLICED MUSHROOMS
Busch Dining Hall,Busch,2025-10-04,Saturday,Lunch,COOK TO ORDER BAR,WHOLE WHEAT PENNE
Busch Dining Hall,Busch,2025-10-04,Saturday,Lunch,COOK TO ORDER BAR,BUILD YOUR OWN OMELET
Busch Dining Hall,Busch,2025-10-04,Saturday,Lunch,PIZZA & PASTA,ALFREDO SAUCE
Busch Dining Hall,Busch,2025-10-04,Saturday,Lunch,PIZZA & PASTA,BABY SPINACH
Busch Dining Hall,Busch,2025-10-04,Saturday,Lunch,PIZZA & PASTA,BROCCOLI
Busch Dining Hall,Busch,2025-10-04,Saturday,Lunch,PIZZA & PASTA,CANOLA OIL
Busch Dining Hall,Busch,2025-10-04,Saturday,Lunch,PIZZA & PASTA,CHOPPED GARLIC
Busch Dining Hall,Busch,2025-10-04,Saturday,Lunch,PIZZA & PASTA,DICED TOFU
Busch Dining Hall,Busch,2025-10-04,Saturday,Lunch,PIZZA & PASTA,FRESH CHICKEN STRIPS
Busch Dining Hall,Busch,2025-10-04,Saturday,Lunch,PIZZA & PASTA,MARINARA SAUCE
Busch Dining Hall,Busch,2025-10-04,Saturday,Lunch,PIZZA & PASTA,OLIVE AND CANOLA OIL BLEND
Busch Dining Hall,Busch,2025-10-04,Saturday,Lunch,PIZZA & PASTA,PARMESAN CHEESE
Busch Dining Hall,Busch,2025-10-04,Saturday,Lunch,PIZZA & PASTA,PENNE  PASTA
Busch Dining Hall,Busch,2025-10-04,Saturday,Lunch,PIZZA & PASTA,PESTO
Busch Dining Hall,Busch,2025-10-04,Saturday,Lunch,PIZZA & PASTA,PINK PASTA SAUCE
Busch Dining Hall,Busch,2025-10-04,Saturday,Lunch,PIZZA & PASTA,PORK SAUSAGE CRUMBLES
Busch Dining Hall,Busch,2025-10-04,Saturday,Lunch,PIZZA & PASTA,RED ONION
Busch Dining Hall,Busch,2025-10-04,Saturday,Lunch,PIZZA & PASTA,SHREDDED MOZZARELLA CHEESE
Busch Dining Hall,Busch,2025-10-04,Saturday,Lunch,PIZZA & PASTA,SHRIMP
Busch Dining Hall,Busch,2025-10-04,Saturday,Lunch,PIZZA & PASTA,SLICED MUSHROOMS
Busch Dining Hall,Busch,2025-10-04,Saturday,Lunch,PIZZA & PASTA,WHOLE WHEAT PENNE
Busch Dining Hall,Busch,2025-10-04,Saturday,Lunch,PIZZA & PASTA,BUILD YOUR OWN OMELET
Busch Dining Hall,Busch,2025-10-04,Saturday,Lunch,VEGETARIAN,ALFREDO SAUCE
Busch Dining Hall,Busch,2025-10-04,Saturday,Lunch,VEGETARIAN,BABY SPINACH
Busch Dining Hall,Busch,2025-10-04,Saturday,Lunch,VEGETARIAN,BROCCOLI
Busch Dining Hall,Busch,2025-10-04,Saturday,Lunch,VEGETARIAN,CANOLA OIL
Busch Dining Hall,Busch,2025-10-04,Saturday,Lunch,VEGETARIAN,CHOPPED GARLIC
Busch Dining Hall,Busch,2025-10-04,Saturday,Lunch,VEGETARIAN,DICED TOFU
Busch Dining Hall,Busch,2025-10-04,Saturday,Lunch,VEGETARIAN,FRESH CHICKEN STRIPS
Busch Dining Hall,Busch,2025-10-04,Saturday,Lunch,VEGETARIAN,MARINARA SAUCE
Busch Dining Hall,Busch,2025-10-04,Saturday,Lunch,VEGETARIAN,OLIVE AND CANOLA OIL BLEND
Busch Dining Hall,Busch,2025-10-04,Saturday,Lunch,VEGETARIAN,PARMESAN CHEESE
Busch Dining Hall,Busch,2025-10-04,Saturday,Lunch,VEGETARIAN,PENNE  PASTA
Busch Dining Hall,Busch,2025-10-04,Saturday,Lunch,VEGETARIAN,PESTO
Busch Dining Hall,Busch,2025-10-04,Saturday,Lunch,VEGETARIAN,PINK PASTA SAUCE
Busch Dining Hall,Busch,2025-10-04,Saturday,Lunch,VEGETARIAN,PORK SAUSAGE CRUMBLES
Busch Dining Hall,Busch,2025-10-04,Saturday,Lunch,VEGETARIAN,RED ONION
Busch Dining Hall,Busch,2025-10-04,Saturday,Lunch,VEGETARIAN,SHREDDED MOZZARELLA CHEESE
Busch Dining Hall,Busch,2025-10-04,Saturday,Lunch,VEGETARIAN,SHRIMP
Busch Dining Hall,Busch,2025-10-04,Saturday,Lunch,VEGETARIAN,SLICED MUSHROOMS
Busch Dining Hall,Busch,2025-10-04,Saturday,Lunch,VEGETARIAN,WHOLE WHEAT PENNE
Busch Dining Hall,Busch,2025-10-04,Saturday,Lunch,VEGETARIAN,BUILD YOUR OWN OMELET
Busch Dining Hall,Busch,2025-10-04,Saturday,Lunch,PASTA STATION,ALFREDO SAUCE
Busch Dining Hall,Busch,2025-10-04,Saturday,Lunch,PASTA STATION,BABY SPINACH
Busch Dining Hall,Busch,2025-10-04,Saturday,Lunch,PASTA STATION,BROCCOLI
Busch Dining Hall,Busch,2025-10-04,Saturday,Lunch,PASTA STATION,CANOLA OIL
Busch Dining Hall,Busch,2025-10-04,Saturday,Lunch,PASTA STATION,CHOPPED GARLIC
Busch Dining Hall,Busch,2025-10-04,Saturday,Lunch,PASTA STATION,DICED TOFU
Busch Dining Hall,Busch,2025-10-04,Saturday,Lunch,PASTA STATION,FRESH CHICKEN STRIPS
Busch Dining Hall,Busch,2025-10-04,Saturday,Lunch,PASTA STATION,MARINARA SAUCE
Busch Dining Hall,Busch,2025-10-04,Saturday,Lunch,PASTA STATION,OLIVE AND CANOLA OIL BLEND
Busch Dining Hall,Busch,2025-10-04,Saturday,Lunch,PASTA STATION,PARMESAN CHEESE
Busch Dining Hall,Busch,2025-10-04,Saturday,Lunch,PASTA STATION,PENNE  PASTA
Busch Dining Hall,Busch,2025-10-04,Saturday,Lunch,PASTA STATION,PESTO
Busch Dining Hall,Busch,2025-10-04,Saturday,Lunch,PASTA STATION,PINK PASTA SAUCE
Busch Dining Hall,Busch,2025-10-04,Saturday,Lunch,PASTA STATION,PORK SAUSAGE CRUMBLES
Busch Dining Hall,Busch,2025-10-04,Saturday,Lunch,PASTA STATION,RED ONION
Busch Dining Hall,Busch,2025-10-04,Saturday,Lunch,PASTA STATION,SHREDDED MOZZARELLA CHEESE
Busch Dining Hall,Busch,2025-10-04,Saturday,Lunch,PASTA STATION,SHRIMP
Busch Dining Hall,Busch,2025-10-04,Saturday,Lunch,PASTA STATION,SLICED MUSHROOMS
Busch Dining Hall,Busch,2025-10-04,Saturday,Lunch,PASTA STATION,WHOLE WHEAT PENNE
Busch Dining Hall,Busch,2025-10-04,Saturday,Lunch,PASTA STATION,BUILD YOUR OWN OMELET
Busch Dining Hall,Busch,2025-10-04,Saturday,Lunch,CTO MASTER,ALFREDO SAUCE
Busch Dining Hall,Busch,2025-10-04,Saturday,Lunch,CTO MASTER,BABY SPINACH
Busch Dining Hall,Busch,2025-10-04,Saturday,Lunch,CTO MASTER,BROCCOLI
Busch Dining Hall,Busch,2025-10-04,Saturday,Lunch,CTO MASTER,CANOLA OIL
Busch Dining Hall,Busch,2025-10-04,Saturday,Lunch,CTO MASTER,CHOPPED GARLIC
Busch Dining Hall,Busch,2025-10-04,Saturday,Lunch,CTO MASTER,DICED TOFU
Busch Dining Hall,Busch,2025-10-04,Saturday,Lunch,CTO MASTER,FRESH CHICKEN STRIPS
Busch Dining Hall,Busch,2025-10-04,Saturday,Lunch,CTO MASTER,MARINARA SAUCE
Busch Dining Hall,Busch,2025-10-04,Saturday,Lunch,CTO MASTER,OLIVE AND CANOLA OIL BLEND
Busch Dining Hall,Busch,2025-10-04,Saturday,Lunch,CTO MASTER,PARMESAN CHEESE
Busch Dining Hall,Busch,2025-10-04,Saturday,Lunch,CTO MASTER,PENNE  PASTA
Busch Dining Hall,Busch,2025-10-04,Saturday,Lunch,CTO MASTER,PESTO
Busch Dining Hall,Busch,2025-10-04,Saturday,Lunch,CTO MASTER,PINK PASTA SAUCE
Busch Dining Hall,Busch,2025-10-04,Saturday,Lunch,CTO MASTER,PORK SAUSAGE CRUMBLES
Busch Dining Hall,Busch,2025-10-04,Saturday,Lunch,CTO MASTER,RED ONION
Busch Dining Hall,Busch,2025-10-04,Saturday,Lunch,CTO MASTER,SHREDDED MOZZARELLA CHEESE
Busch Dining Hall,Busch,2025-10-04,Saturday,Lunch,CTO MASTER,SHRIMP
Busch Dining Hall,Busch,2025-10-04,Saturday,Lunch,CTO MASTER,SLICED MUSHROOMS
Busch Dining Hall,Busch,2025-10-04,Saturday,Lunch,CTO MASTER,WHOLE WHEAT PENNE
Busch Dining Hall,Busch,2025-10-04,Saturday,Lunch,CTO MASTER,BUILD YOUR OWN OMELET
Busch Dining Hall,Busch,2025-10-04,Saturday,Lunch,YOGURT BAR,PLAIN GREEK CHOBANI YOGURT
Busch Dining Hall,Busch,2025-10-04,Saturday,Lunch,YOGURT BAR,STRAWBERRY YOGURT
Busch Dining Hall,Busch,2025-10-04,Saturday,Lunch,YOGURT BAR,VANILLA YOGURT
Busch Dining Hall,Busch,2025-10-04,Saturday,Lunch,YOGURT BAR,COTTAGE CHEESE
Busch Dining Hall,Busch,2025-10-04,Saturday,Lunch,YOGURT BAR,GRANOLA OATS & HONEY
Busch Dining Hall,Busch,2025-10-04,Saturday,Lunch,YOGURT BAR,CRAISINS
Busch Dining Hall,Busch,2025-10-04,Saturday,Lunch,YOGURT BAR,RAISINS
Busch Dining Hall,Busch,2025-10-04,Saturday,Lunch,YOGURT BAR,PUMPKIN SEEDS
Busch Dining Hall,Busch,2025-10-04,Saturday,Lunch,YOGURT BAR,SUNFLOWER SEEDS
Busch Dining Hall,Busch,2025-10-04,Saturday,Lunch,SALAD BAR,SPRING MIX GREENS
Busch Dining Hall,Busch,2025-10-04,Saturday,Lunch,SALAD BAR,CHOPPED ROMAINE LETTUCE
Busch Dining Hall,Busch,2025-10-04,Saturday,Lunch,SALAD BAR,BABY SPINACH
Busch Dining Hall,Busch,2025-10-04,Saturday,Lunch,SALAD BAR,SHREDDED RED CABBAGE
Busch Dining Hall,Busch,2025-10-04,Saturday,Lunch,SALAD BAR,CHERRY TOMATOES
Busch Dining Hall,Busch,2025-10-04,Saturday,Lunch,SALAD BAR,TOMATO WEDGES
Busch Dining Hall,Busch,2025-10-04,Saturday,Lunch,SALAD BAR,CUCUMBERS
Busch Dining Hall,Busch,2025-10-04,Saturday,Lunch,SALAD BAR,RED ONION
Busch Dining Hall,Busch,2025-10-04,Saturday,Lunch,SALAD BAR,BROCCOLI FLORETS
Busch Dining Hall,Busch,2025-10-04,Saturday,Lunch,SALAD BAR,CAULIFLOWER FLORETS
Busch Dining Hall,Busch,2025-10-04,Saturday,Lunch,SALAD BAR,SLICED MUSHROOMS
Busch Dining Hall,Busch,2025-10-04,Saturday,Lunch,SALAD BAR,SHREDDED CARROTS
Busch Dining Hall,Busch,2025-10-04,Saturday,Lunch,SALAD BAR,CHOPPED SWEET RED PEPPERS
Busch Dining Hall,Busch,2025-10-04,Saturday,Lunch,SALAD BAR,BABY CORN
Busch Dining Hall,Busch,2025-10-04,Saturday,Lunch,SALAD BAR,CORN KERNELS
Busch Dining Hall,Busch,2025-10-04,Saturday,Lunch,SALAD BAR,SLICED BEETS
Busch Dining Hall,Busch,2025-10-04,Saturday,Lunch,SALAD BAR,ARTICHOKE HEARTS
Busch Dining Hall,Busch,2025-10-04,Saturday,Lunch,SALAD BAR,CROUTONS
Busch Dining Hall,Busch,2025-10-04,Saturday,Lunch,SALAD BAR,HARDBOILED EGGS
Busch Dining Hall,Busch,2025-10-04,Saturday,Lunch,SALAD BAR,DICED TOFU
Busch Dining Hall,Busch,2025-10-04,Saturday,Lunch,SALAD BAR,WHITE CANNELLINI BEAN
Busch Dining Hall,Busch,2025-10-04,Saturday,Lunch,SALAD BAR,KIDNEY BEANS
Busch Dining Hall,Busch,2025-10-04,Saturday,Lunch,SALAD BAR,CHICKPEAS
Busch Dining Hall,Busch,2025-10-04,Saturday,Lunch,SALAD BAR,SEASONED BLACK BEANS
Busch Dining Hall,Busch,2025-10-04,Saturday,Lunch,SALAD BAR,SHREDDED CHEDDAR  CHEESE
Busch Dining Hall,Busch,2025-10-04,Saturday,Lunch,SALAD BAR,SHREDDED MOZZARELLA CHEESE
Busch Dining Hall,Busch,2025-10-04,Saturday,Lunch,SALAD BAR,CRUMBLED FETA CHEESE
Busch Dining Hall,Busch,2025-10-04,Saturday,Lunch,SALAD BAR,KALAMATA OLIVES
Busch Dining Hall,Busch,2025-10-04,Saturday,Lunch,SALAD BAR,WHOLE BLACK PITTED OLIVES
Busch Dining Hall,Busch,2025-10-04,Saturday,Lunch,SALAD BAR,RIPE SLICED OLIVES
Busch Dining Hall,Busch,2025-10-04,Saturday,Lunch,SALAD BAR,PICKLE CHIPS
Busch Dining Hall,Busch,2025-10-04,Saturday,Lunch,SALAD BAR,PEPPERONCINI PEPPERS
Busch Dining Hall,Busch,2025-10-04,Saturday,Lunch,SALAD BAR,MARINATED ARTICHOKE HEARTS
Busch Dining Hall,Busch,2025-10-04,Saturday,Lunch,SALAD BAR,WASABI PEAS
Busch Dining Hall,Busch,2025-10-04,Saturday,Lunch,SALAD DRESSINGS,OLIVE AND CANOLA OIL BLEND
Busch Dining Hall,Busch,2025-10-04,Saturday,Lunch,SALAD DRESSINGS,BALSAMIC VINEGAR
Busch Dining Hall,Busch,2025-10-04,Saturday,Lunch,SALAD DRESSINGS,CAESAR DRESSING
Busch Dining Hall,Busch,2025-10-04,Saturday,Lunch,SALAD DRESSINGS,GOLDEN ITALIAN DRESSING
Busch Dining Hall,Busch,2025-10-04,Saturday,Lunch,SALAD DRESSINGS,RANCH DRESSING
Busch Dining Hall,Busch,2025-10-04,Saturday,Lunch,SALAD DRESSINGS,RASPBERRY VINAGRETTE DRESSING
Busch Dining Hall,Busch,2025-10-04,Saturday,Lunch,SALAD DRESSINGS,BALSAMIC VINAIGRETTE
Busch Dining Hall,Busch,2025-10-04,Saturday,Lunch,SALAD DRESSINGS,BLUE CHEESE DRESSING
Busch Dining Hall,Busch,2025-10-04,Saturday,Lunch,FRESH FRUIT,GRANNY SMITH APPLES
Busch Dining Hall,Busch,2025-10-04,Saturday,Lunch,FRESH FRUIT,RED DELICIOUS APPLES
Busch Dining Hall,Busch,2025-10-04,Saturday,Lunch,FRESH FRUIT,BANANAS
Busch Dining Hall,Busch,2025-10-04,Saturday,Lunch,FRESH FRUIT,WHOLE ORANGES
Busch Dining Hall,Busch,2025-10-04,Saturday,Lunch,FRESH FRUIT,RED GRAPEFRUIT
Busch Dining Hall,Busch,2025-10-04,Saturday,Lunch,FRESH FRUIT,STRAWBERRIES
Busch Dining Hall,Busch,2025-10-04,Saturday,Lunch,FRESH FRUIT,GREEN SEEDLESS GRAPES
Busch Dining Hall,Busch,2025-10-04,Saturday,Lunch,FRESH FRUIT,RED SEEDLESS  GRAPES
Busch Dining Hall,Busch,2025-10-04,Saturday,Lunch,FRESH FRUIT,WATERMELON
Busch Dining Hall,Busch,2025-10-04,Saturday,Lunch,FRESH FRUIT,CUT HONEYDEW MELON
Busch Dining Hall,Busch,2025-10-04,Saturday,Lunch,FRESH FRUIT,CUT PINEAPPLE
Busch Dining Hall,Busch,2025-10-04,Saturday,Lunch,FRESH FRUIT,CUT CANTELOUPE
Busch Dining Hall,Busch,2025-10-04,Saturday,Lunch,BREADS,ENGLISH MUFFIN
Busch Dining Hall,Busch,2025-10-04,Saturday,Lunch,BREADS,PANINI BREAD
Busch Dining Hall,Busch,2025-10-04,Saturday,Lunch,BREADS,PITA BREAD
Busch Dining Hall,Busch,2025-10-04,Saturday,Lunch,BREADS,SLICED PUMPERNICKEL BREAD
Busch Dining Hall,Busch,2025-10-04,Saturday,Lunch,BREADS,SLICED RYE BREAD
Busch Dining Hall,Busch,2025-10-04,Saturday,Lunch,BREADS,SLICED WHOLE WHEAT BREAD
Busch Dining Hall,Busch,2025-10-04,Saturday,Lunch,BREADS,SLICED WHITE BREAD
Busch Dining Hall,Busch,2025-10-04,Saturday,Lunch,BREADS,VARIETY WRAPS
Busch Dining Hall,Busch,2025-10-04,Saturday,Lunch,BREADS,MEDIUM KAISER ROLL
Busch Dining Hall,Busch,2025-10-04,Saturday,Dinner,SOUPS,ALFREDO SAUCE
Busch Dining Hall,Busch,2025-10-04,Saturday,Dinner,SOUPS,CHEESE PIZZA
Busch Dining Hall,Busch,2025-10-04,Saturday,Dinner,SOUPS,CHEESY BAKED PUMPKIN PASTA W/ KALE
Busch Dining Hall,Busch,2025-10-04,Saturday,Dinner,SOUPS,GRILLED CHICKEN MONTREAL
Busch Dining Hall,Busch,2025-10-04,Saturday,Dinner,SOUPS,MARINARA SAUCE
Busch Dining Hall,Busch,2025-10-04,Saturday,Dinner,SOUPS,PENNE  PASTA
Busch Dining Hall,Busch,2025-10-04,Saturday,Dinner,SOUPS,PEPPERONI PIZZA
Busch Dining Hall,Busch,2025-10-04,Saturday,Dinner,SOUPS,WHOLE WHEAT PENNE
Busch Dining Hall,Busch,2025-10-04,Saturday,Dinner,SOUPS,ALFREDO SAUCE
Busch Dining Hall,Busch,2025-10-04,Saturday,Dinner,SOUPS,BABY SPINACH
Busch Dining Hall,Busch,2025-10-04,Saturday,Dinner,SOUPS,BROCCOLI
Busch Dining Hall,Busch,2025-10-04,Saturday,Dinner,SOUPS,CANOLA OIL
Busch Dining Hall,Busch,2025-10-04,Saturday,Dinner,SOUPS,CHOPPED GARLIC
Busch Dining Hall,Busch,2025-10-04,Saturday,Dinner,SOUPS,DICED TOFU
Busch Dining Hall,Busch,2025-10-04,Saturday,Dinner,SOUPS,FRESH CHICKEN STRIPS
Busch Dining Hall,Busch,2025-10-04,Saturday,Dinner,SOUPS,MARINARA SAUCE
Busch Dining Hall,Busch,2025-10-04,Saturday,Dinner,SOUPS,OLIVE AND CANOLA OIL BLEND
Busch Dining Hall,Busch,2025-10-04,Saturday,Dinner,SOUPS,PARMESAN CHEESE
Busch Dining Hall,Busch,2025-10-04,Saturday,Dinner,SOUPS,PENNE  PASTA
Busch Dining Hall,Busch,2025-10-04,Saturday,Dinner,SOUPS,PESTO
Busch Dining Hall,Busch,2025-10-04,Saturday,Dinner,SOUPS,PINK PASTA SAUCE
Busch Dining Hall,Busch,2025-10-04,Saturday,Dinner,SOUPS,PORK SAUSAGE CRUMBLES
Busch Dining Hall,Busch,2025-10-04,Saturday,Dinner,SOUPS,RED ONION
Busch Dining Hall,Busch,2025-10-04,Saturday,Dinner,SOUPS,SHREDDED MOZZARELLA CHEESE
Busch Dining Hall,Busch,2025-10-04,Saturday,Dinner,SOUPS,SHRIMP
Busch Dining Hall,Busch,2025-10-04,Saturday,Dinner,SOUPS,SLICED MUSHROOMS
Busch Dining Hall,Busch,2025-10-04,Saturday,Dinner,SOUPS,WHOLE WHEAT PENNE
Busch Dining Hall,Busch,2025-10-04,Saturday,Dinner,SOUPS,BUILD YOUR OWN BURGERS
Busch Dining Hall,Busch,2025-10-04,Saturday,Dinner,DELI BAR ENTREE,ALFREDO SAUCE
Busch Dining Hall,Busch,2025-10-04,Saturday,Dinner,DELI BAR ENTREE,CHEESE PIZZA
Busch Dining Hall,Busch,2025-10-04,Saturday,Dinner,DELI BAR ENTREE,CHEESY BAKED PUMPKIN PASTA W/ KALE
Busch Dining Hall,Busch,2025-10-04,Saturday,Dinner,DELI BAR ENTREE,GRILLED CHICKEN MONTREAL
Busch Dining Hall,Busch,2025-10-04,Saturday,Dinner,DELI BAR ENTREE,MARINARA SAUCE
Busch Dining Hall,Busch,2025-10-04,Saturday,Dinner,DELI BAR ENTREE,PENNE  PASTA
Busch Dining Hall,Busch,2025-10-04,Saturday,Dinner,DELI BAR ENTREE,PEPPERONI PIZZA
Busch Dining Hall,Busch,2025-10-04,Saturday,Dinner,DELI BAR ENTREE,WHOLE WHEAT PENNE
Busch Dining Hall,Busch,2025-10-04,Saturday,Dinner,DELI BAR ENTREE,ALFREDO SAUCE
Busch Dining Hall,Busch,2025-10-04,Saturday,Dinner,DELI BAR ENTREE,BABY SPINACH
Busch Dining Hall,Busch,2025-10-04,Saturday,Dinner,DELI BAR ENTREE,BROCCOLI
Busch Dining Hall,Busch,2025-10-04,Saturday,Dinner,DELI BAR ENTREE,CANOLA OIL
Busch Dining Hall,Busch,2025-10-04,Saturday,Dinner,DELI BAR ENTREE,CHOPPED GARLIC
Busch Dining Hall,Busch,2025-10-04,Saturday,Dinner,DELI BAR ENTREE,DICED TOFU
Busch Dining Hall,Busch,2025-10-04,Saturday,Dinner,DELI BAR ENTREE,FRESH CHICKEN STRIPS
Busch Dining Hall,Busch,2025-10-04,Saturday,Dinner,DELI BAR ENTREE,MARINARA SAUCE
Busch Dining Hall,Busch,2025-10-04,Saturday,Dinner,DELI BAR ENTREE,OLIVE AND CANOLA OIL BLEND
Busch Dining Hall,Busch,2025-10-04,Saturday,Dinner,DELI BAR ENTREE,PARMESAN CHEESE
Busch Dining Hall,Busch,2025-10-04,Saturday,Dinner,DELI BAR ENTREE,PENNE  PASTA
Busch Dining Hall,Busch,2025-10-04,Saturday,Dinner,DELI BAR ENTREE,PESTO
Busch Dining Hall,Busch,2025-10-04,Saturday,Dinner,DELI BAR ENTREE,PINK PASTA SAUCE
Busch Dining Hall,Busch,2025-10-04,Saturday,Dinner,DELI BAR ENTREE,PORK SAUSAGE CRUMBLES
Busch Dining Hall,Busch,2025-10-04,Saturday,Dinner,DELI BAR ENTREE,RED ONION
Busch Dining Hall,Busch,2025-10-04,Saturday,Dinner,DELI BAR ENTREE,SHREDDED MOZZARELLA CHEESE
Busch Dining Hall,Busch,2025-10-04,Saturday,Dinner,DELI BAR ENTREE,SHRIMP
Busch Dining Hall,Busch,2025-10-04,Saturday,Dinner,DELI BAR ENTREE,SLICED MUSHROOMS
Busch Dining Hall,Busch,2025-10-04,Saturday,Dinner,DELI BAR ENTREE,WHOLE WHEAT PENNE
Busch Dining Hall,Busch,2025-10-04,Saturday,Dinner,DELI BAR ENTREE,BUILD YOUR OWN BURGERS
Busch Dining Hall,Busch,2025-10-04,Saturday,Dinner,ENTREES,ALFREDO SAUCE
Busch Dining Hall,Busch,2025-10-04,Saturday,Dinner,ENTREES,CHEESE PIZZA
Busch Dining Hall,Busch,2025-10-04,Saturday,Dinner,ENTREES,CHEESY BAKED PUMPKIN PASTA W/ KALE
Busch Dining Hall,Busch,2025-10-04,Saturday,Dinner,ENTREES,GRILLED CHICKEN MONTREAL
Busch Dining Hall,Busch,2025-10-04,Saturday,Dinner,ENTREES,MARINARA SAUCE
Busch Dining Hall,Busch,2025-10-04,Saturday,Dinner,ENTREES,PENNE  PASTA
Busch Dining Hall,Busch,2025-10-04,Saturday,Dinner,ENTREES,PEPPERONI PIZZA
Busch Dining Hall,Busch,2025-10-04,Saturday,Dinner,ENTREES,WHOLE WHEAT PENNE
Busch Dining Hall,Busch,2025-10-04,Saturday,Dinner,ENTREES,ALFREDO SAUCE
Busch Dining Hall,Busch,2025-10-04,Saturday,Dinner,ENTREES,BABY SPINACH
Busch Dining Hall,Busch,2025-10-04,Saturday,Dinner,ENTREES,BROCCOLI
Busch Dining Hall,Busch,2025-10-04,Saturday,Dinner,ENTREES,CANOLA OIL
Busch Dining Hall,Busch,2025-10-04,Saturday,Dinner,ENTREES,CHOPPED GARLIC
Busch Dining Hall,Busch,2025-10-04,Saturday,Dinner,ENTREES,DICED TOFU
Busch Dining Hall,Busch,2025-10-04,Saturday,Dinner,ENTREES,FRESH CHICKEN STRIPS
Busch Dining Hall,Busch,2025-10-04,Saturday,Dinner,ENTREES,MARINARA SAUCE
Busch Dining Hall,Busch,2025-10-04,Saturday,Dinner,ENTREES,OLIVE AND CANOLA OIL BLEND
Busch Dining Hall,Busch,2025-10-04,Saturday,Dinner,ENTREES,PARMESAN CHEESE
Busch Dining Hall,Busch,2025-10-04,Saturday,Dinner,ENTREES,PENNE  PASTA
Busch Dining Hall,Busch,2025-10-04,Saturday,Dinner,ENTREES,PESTO
Busch Dining Hall,Busch,2025-10-04,Saturday,Dinner,ENTREES,PINK PASTA SAUCE
Busch Dining Hall,Busch,2025-10-04,Saturday,Dinner,ENTREES,PORK SAUSAGE CRUMBLES
Busch Dining Hall,Busch,2025-10-04,Saturday,Dinner,ENTREES,RED ONION
Busch Dining Hall,Busch,2025-10-04,Saturday,Dinner,ENTREES,SHREDDED MOZZARELLA CHEESE
Busch Dining Hall,Busch,2025-10-04,Saturday,Dinner,ENTREES,SHRIMP
Busch Dining Hall,Busch,2025-10-04,Saturday,Dinner,ENTREES,SLICED MUSHROOMS
Busch Dining Hall,Busch,2025-10-04,Saturday,Dinner,ENTREES,WHOLE WHEAT PENNE
Busch Dining Hall,Busch,2025-10-04,Saturday,Dinner,ENTREES,BUILD YOUR OWN BURGERS
Busch Dining Hall,Busch,2025-10-04,Saturday,Dinner,COOK TO ORDER BAR,ALFREDO SAUCE
Busch Dining Hall,Busch,2025-10-04,Saturday,Dinner,COOK TO ORDER BAR,CHEESE PIZZA
Busch Dining Hall,Busch,2025-10-04,Saturday,Dinner,COOK TO ORDER BAR,CHEESY BAKED PUMPKIN PASTA W/ KALE
Busch Dining Hall,Busch,2025-10-04,Saturday,Dinner,COOK TO ORDER BAR,GRILLED CHICKEN MONTREAL
Busch Dining Hall,Busch,2025-10-04,Saturday,Dinner,COOK TO ORDER BAR,MARINARA SAUCE
Busch Dining Hall,Busch,2025-10-04,Saturday,Dinner,COOK TO ORDER BAR,PENNE  PASTA
Busch Dining Hall,Busch,2025-10-04,Saturday,Dinner,COOK TO ORDER BAR,PEPPERONI PIZZA
Busch Dining Hall,Busch,2025-10-04,Saturday,Dinner,COOK TO ORDER BAR,WHOLE WHEAT PENNE
Busch Dining Hall,Busch,2025-10-04,Saturday,Dinner,COOK TO ORDER BAR,ALFREDO SAUCE
Busch Dining Hall,Busch,2025-10-04,Saturday,Dinner,COOK TO ORDER BAR,BABY SPINACH
Busch Dining Hall,Busch,2025-10-04,Saturday,Dinner,COOK TO ORDER BAR,BROCCOLI
Busch Dining Hall,Busch,2025-10-04,Saturday,Dinner,COOK TO ORDER BAR,CANOLA OIL
Busch Dining Hall,Busch,2025-10-04,Saturday,Dinner,COOK TO ORDER BAR,CHOPPED GARLIC
Busch Dining Hall,Busch,2025-10-04,Saturday,Dinner,COOK TO ORDER BAR,DICED TOFU
Busch Dining Hall,Busch,2025-10-04,Saturday,Dinner,COOK TO ORDER BAR,FRESH CHICKEN STRIPS
Busch Dining Hall,Busch,2025-10-04,Saturday,Dinner,COOK TO ORDER BAR,MARINARA SAUCE
Busch Dining Hall,Busch,2025-10-04,Saturday,Dinner,COOK TO ORDER BAR,OLIVE AND CANOLA OIL BLEND
Busch Dining Hall,Busch,2025-10-04,Saturday,Dinner,COOK TO ORDER BAR,PARMESAN CHEESE
Busch Dining Hall,Busch,2025-10-04,Saturday,Dinner,COOK TO ORDER BAR,PENNE  PASTA
Busch Dining Hall,Busch,2025-10-04,Saturday,Dinner,COOK TO ORDER BAR,PESTO
Busch Dining Hall,Busch,2025-10-04,Saturday,Dinner,COOK TO ORDER BAR,PINK PASTA SAUCE
Busch Dining Hall,Busch,2025-10-04,Saturday,Dinner,COOK TO ORDER BAR,PORK SAUSAGE CRUMBLES
Busch Dining Hall,Busch,2025-10-04,Saturday,Dinner,COOK TO ORDER BAR,RED ONION
Busch Dining Hall,Busch,2025-10-04,Saturday,Dinner,COOK TO ORDER BAR,SHREDDED MOZZARELLA CHEESE
Busch Dining Hall,Busch,2025-10-04,Saturday,Dinner,COOK TO ORDER BAR,SHRIMP
Busch Dining Hall,Busch,2025-10-04,Saturday,Dinner,COOK TO ORDER BAR,SLICED MUSHROOMS
Busch Dining Hall,Busch,2025-10-04,Saturday,Dinner,COOK TO ORDER BAR,WHOLE WHEAT PENNE
Busch Dining Hall,Busch,2025-10-04,Saturday,Dinner,COOK TO ORDER BAR,BUILD YOUR OWN BURGERS
Busch Dining Hall,Busch,2025-10-04,Saturday,Dinner,PIZZA & PASTA,ALFREDO SAUCE
Busch Dining Hall,Busch,2025-10-04,Saturday,Dinner,PIZZA & PASTA,CHEESE PIZZA
Busch Dining Hall,Busch,2025-10-04,Saturday,Dinner,PIZZA & PASTA,CHEESY BAKED PUMPKIN PASTA W/ KALE
Busch Dining Hall,Busch,2025-10-04,Saturday,Dinner,PIZZA & PASTA,GRILLED CHICKEN MONTREAL
Busch Dining Hall,Busch,2025-10-04,Saturday,Dinner,PIZZA & PASTA,MARINARA SAUCE
Busch Dining Hall,Busch,2025-10-04,Saturday,Dinner,PIZZA & PASTA,PENNE  PASTA
Busch Dining Hall,Busch,2025-10-04,Saturday,Dinner,PIZZA & PASTA,PEPPERONI PIZZA
Busch Dining Hall,Busch,2025-10-04,Saturday,Dinner,PIZZA & PASTA,WHOLE WHEAT PENNE
Busch Dining Hall,Busch,2025-10-04,Saturday,Dinner,PIZZA & PASTA,ALFREDO SAUCE
Busch Dining Hall,Busch,2025-10-04,Saturday,Dinner,PIZZA & PASTA,BABY SPINACH
Busch Dining Hall,Busch,2025-10-04,Saturday,Dinner,PIZZA & PASTA,BROCCOLI
Busch Dining Hall,Busch,2025-10-04,Saturday,Dinner,PIZZA & PASTA,CANOLA OIL
Busch Dining Hall,Busch,2025-10-04,Saturday,Dinner,PIZZA & PASTA,CHOPPED GARLIC
Busch Dining Hall,Busch,2025-10-04,Saturday,Dinner,PIZZA & PASTA,DICED TOFU
Busch Dining Hall,Busch,2025-10-04,Saturday,Dinner,PIZZA & PASTA,FRESH CHICKEN STRIPS
Busch Dining Hall,Busch,2025-10-04,Saturday,Dinner,PIZZA & PASTA,MARINARA SAUCE
Busch Dining Hall,Busch,2025-10-04,Saturday,Dinner,PIZZA & PASTA,OLIVE AND CANOLA OIL BLEND
Busch Dining Hall,Busch,2025-10-04,Saturday,Dinner,PIZZA & PASTA,PARMESAN CHEESE
Busch Dining Hall,Busch,2025-10-04,Saturday,Dinner,PIZZA & PASTA,PENNE  PASTA
Busch Dining Hall,Busch,2025-10-04,Saturday,Dinner,PIZZA & PASTA,PESTO
Busch Dining Hall,Busch,2025-10-04,Saturday,Dinner,PIZZA & PASTA,PINK PASTA SAUCE
Busch Dining Hall,Busch,2025-10-04,Saturday,Dinner,PIZZA & PASTA,PORK SAUSAGE CRUMBLES
Busch Dining Hall,Busch,2025-10-04,Saturday,Dinner,PIZZA & PASTA,RED ONION
Busch Dining Hall,Busch,2025-10-04,Saturday,Dinner,PIZZA & PASTA,SHREDDED MOZZARELLA CHEESE
Busch Dining Hall,Busch,2025-10-04,Saturday,Dinner,PIZZA & PASTA,SHRIMP
Busch Dining Hall,Busch,2025-10-04,Saturday,Dinner,PIZZA & PASTA,SLICED MUSHROOMS
Busch Dining Hall,Busch,2025-10-04,Saturday,Dinner,PIZZA & PASTA,WHOLE WHEAT PENNE
Busch Dining Hall,Busch,2025-10-04,Saturday,Dinner,PIZZA & PASTA,BUILD YOUR OWN BURGERS
Busch Dining Hall,Busch,2025-10-04,Saturday,Dinner,PASTA STATION,ALFREDO SAUCE
Busch Dining Hall,Busch,2025-10-04,Saturday,Dinner,PASTA STATION,CHEESE PIZZA
Busch Dining Hall,Busch,2025-10-04,Saturday,Dinner,PASTA STATION,CHEESY BAKED PUMPKIN PASTA W/ KALE
Busch Dining Hall,Busch,2025-10-04,Saturday,Dinner,PASTA STATION,GRILLED CHICKEN MONTREAL
Busch Dining Hall,Busch,2025-10-04,Saturday,Dinner,PASTA STATION,MARINARA SAUCE
Busch Dining Hall,Busch,2025-10-04,Saturday,Dinner,PASTA STATION,PENNE  PASTA
Busch Dining Hall,Busch,2025-10-04,Saturday,Dinner,PASTA STATION,PEPPERONI PIZZA
Busch Dining Hall,Busch,2025-10-04,Saturday,Dinner,PASTA STATION,WHOLE WHEAT PENNE
Busch Dining Hall,Busch,2025-10-04,Saturday,Dinner,PASTA STATION,ALFREDO SAUCE
Busch Dining Hall,Busch,2025-10-04,Saturday,Dinner,PASTA STATION,BABY SPINACH
Busch Dining Hall,Busch,2025-10-04,Saturday,Dinner,PASTA STATION,BROCCOLI
Busch Dining Hall,Busch,2025-10-04,Saturday,Dinner,PASTA STATION,CANOLA OIL
Busch Dining Hall,Busch,2025-10-04,Saturday,Dinner,PASTA STATION,CHOPPED GARLIC
Busch Dining Hall,Busch,2025-10-04,Saturday,Dinner,PASTA STATION,DICED TOFU
Busch Dining Hall,Busch,2025-10-04,Saturday,Dinner,PASTA STATION,FRESH CHICKEN STRIPS
Busch Dining Hall,Busch,2025-10-04,Saturday,Dinner,PASTA STATION,MARINARA SAUCE
Busch Dining Hall,Busch,2025-10-04,Saturday,Dinner,PASTA STATION,OLIVE AND CANOLA OIL BLEND
Busch Dining Hall,Busch,2025-10-04,Saturday,Dinner,PASTA STATION,PARMESAN CHEESE
Busch Dining Hall,Busch,2025-10-04,Saturday,Dinner,PASTA STATION,PENNE  PASTA
Busch Dining Hall,Busch,2025-10-04,Saturday,Dinner,PASTA STATION,PESTO
Busch Dining Hall,Busch,2025-10-04,Saturday,Dinner,PASTA STATION,PINK PASTA SAUCE
Busch Dining Hall,Busch,2025-10-04,Saturday,Dinner,PASTA STATION,PORK SAUSAGE CRUMBLES
Busch Dining Hall,Busch,2025-10-04,Saturday,Dinner,PASTA STATION,RED ONION
Busch Dining Hall,Busch,2025-10-04,Saturday,Dinner,PASTA STATION,SHREDDED MOZZARELLA CHEESE
Busch Dining Hall,Busch,2025-10-04,Saturday,Dinner,PASTA STATION,SHRIMP
Busch Dining Hall,Busch,2025-10-04,Saturday,Dinner,PASTA STATION,SLICED MUSHROOMS
Busch Dining Hall,Busch,2025-10-04,Saturday,Dinner,PASTA STATION,WHOLE WHEAT PENNE
Busch Dining Hall,Busch,2025-10-04,Saturday,Dinner,PASTA STATION,BUILD YOUR OWN BURGERS
Busch Dining Hall,Busch,2025-10-04,Saturday,Dinner,CTO MASTER,ALFREDO SAUCE
Busch Dining Hall,Busch,2025-10-04,Saturday,Dinner,CTO MASTER,CHEESE PIZZA
Busch Dining Hall,Busch,2025-10-04,Saturday,Dinner,CTO MASTER,CHEESY BAKED PUMPKIN PASTA W/ KALE
Busch Dining Hall,Busch,2025-10-04,Saturday,Dinner,CTO MASTER,GRILLED CHICKEN MONTREAL
Busch Dining Hall,Busch,2025-10-04,Saturday,Dinner,CTO MASTER,MARINARA SAUCE
Busch Dining Hall,Busch,2025-10-04,Saturday,Dinner,CTO MASTER,PENNE  PASTA
Busch Dining Hall,Busch,2025-10-04,Saturday,Dinner,CTO MASTER,PEPPERONI PIZZA
Busch Dining Hall,Busch,2025-10-04,Saturday,Dinner,CTO MASTER,WHOLE WHEAT PENNE
Busch Dining Hall,Busch,2025-10-04,Saturday,Dinner,CTO MASTER,ALFREDO SAUCE
Busch Dining Hall,Busch,2025-10-04,Saturday,Dinner,CTO MASTER,BABY SPINACH
Busch Dining Hall,Busch,2025-10-04,Saturday,Dinner,CTO MASTER,BROCCOLI
Busch Dining Hall,Busch,2025-10-04,Saturday,Dinner,CTO MASTER,CANOLA OIL
Busch Dining Hall,Busch,2025-10-04,Saturday,Dinner,CTO MASTER,CHOPPED GARLIC
Busch Dining Hall,Busch,2025-10-04,Saturday,Dinner,CTO MASTER,DICED TOFU
Busch Dining Hall,Busch,2025-10-04,Saturday,Dinner,CTO MASTER,FRESH CHICKEN STRIPS
Busch Dining Hall,Busch,2025-10-04,Saturday,Dinner,CTO MASTER,MARINARA SAUCE
Busch Dining Hall,Busch,2025-10-04,Saturday,Dinner,CTO MASTER,OLIVE AND CANOLA OIL BLEND
Busch Dining Hall,Busch,2025-10-04,Saturday,Dinner,CTO MASTER,PARMESAN CHEESE
Busch Dining Hall,Busch,2025-10-04,Saturday,Dinner,CTO MASTER,PENNE  PASTA
Busch Dining Hall,Busch,2025-10-04,Saturday,Dinner,CTO MASTER,PESTO
Busch Dining Hall,Busch,2025-10-04,Saturday,Dinner,CTO MASTER,PINK PASTA SAUCE
Busch Dining Hall,Busch,2025-10-04,Saturday,Dinner,CTO MASTER,PORK SAUSAGE CRUMBLES
Busch Dining Hall,Busch,2025-10-04,Saturday,Dinner,CTO MASTER,RED ONION
Busch Dining Hall,Busch,2025-10-04,Saturday,Dinner,CTO MASTER,SHREDDED MOZZARELLA CHEESE
Busch Dining Hall,Busch,2025-10-04,Saturday,Dinner,CTO MASTER,SHRIMP
Busch Dining Hall,Busch,2025-10-04,Saturday,Dinner,CTO MASTER,SLICED MUSHROOMS
Busch Dining Hall,Busch,2025-10-04,Saturday,Dinner,CTO MASTER,WHOLE WHEAT PENNE
Busch Dining Hall,Busch,2025-10-04,Saturday,Dinner,CTO MASTER,BUILD YOUR OWN BURGERS
Busch Dining Hall,Busch,2025-10-04,Saturday,Dinner,SALAD BAR,SPRING MIX GREENS
Busch Dining Hall,Busch,2025-10-04,Saturday,Dinner,SALAD BAR,CHOPPED ROMAINE LETTUCE
Busch Dining Hall,Busch,2025-10-04,Saturday,Dinner,SALAD BAR,BABY SPINACH
Busch Dining Hall,Busch,2025-10-04,Saturday,Dinner,SALAD BAR,SHREDDED RED CABBAGE
Busch Dining Hall,Busch,2025-10-04,Saturday,Dinner,SALAD BAR,CHERRY TOMATOES
Busch Dining Hall,Busch,2025-10-04,Saturday,Dinner,SALAD BAR,TOMATO WEDGES
Busch Dining Hall,Busch,2025-10-04,Saturday,Dinner,SALAD BAR,CUCUMBERS
Busch Dining Hall,Busch,2025-10-04,Saturday,Dinner,SALAD BAR,RED ONION
Busch Dining Hall,Busch,2025-10-04,Saturday,Dinner,SALAD BAR,BROCCOLI FLORETS
Busch Dining Hall,Busch,2025-10-04,Saturday,Dinner,SALAD BAR,CAULIFLOWER FLORETS
Busch Dining Hall,Busch,2025-10-04,Saturday,Dinner,SALAD BAR,SLICED MUSHROOMS
Busch Dining Hall,Busch,2025-10-04,Saturday,Dinner,SALAD BAR,SHREDDED CARROTS
Busch Dining Hall,Busch,2025-10-04,Saturday,Dinner,SALAD BAR,CHOPPED SWEET RED PEPPERS
Busch Dining Hall,Busch,2025-10-04,Saturday,Dinner,SALAD BAR,BABY CORN
Busch Dining Hall,Busch,2025-10-04,Saturday,Dinner,SALAD BAR,CORN KERNELS
Busch Dining Hall,Busch,2025-10-04,Saturday,Dinner,SALAD BAR,SLICED BEETS
Busch Dining Hall,Busch,2025-10-04,Saturday,Dinner,SALAD BAR,ARTICHOKE HEARTS
Busch Dining Hall,Busch,2025-10-04,Saturday,Dinner,SALAD BAR,CROUTONS
Busch Dining Hall,Busch,2025-10-04,Saturday,Dinner,SALAD BAR,HARDBOILED EGGS
Busch Dining Hall,Busch,2025-10-04,Saturday,Dinner,SALAD BAR,DICED TOFU
Busch Dining Hall,Busch,2025-10-04,Saturday,Dinner,SALAD BAR,WHITE CANNELLINI BEAN
Busch Dining Hall,Busch,2025-10-04,Saturday,Dinner,SALAD BAR,KIDNEY BEANS
Busch Dining Hall,Busch,2025-10-04,Saturday,Dinner,SALAD BAR,CHICKPEAS
Busch Dining Hall,Busch,2025-10-04,Saturday,Dinner,SALAD BAR,SEASONED BLACK BEANS
Busch Dining Hall,Busch,2025-10-04,Saturday,Dinner,SALAD BAR,SHREDDED CHEDDAR  CHEESE
Busch Dining Hall,Busch,2025-10-04,Saturday,Dinner,SALAD BAR,SHREDDED MOZZARELLA CHEESE
Busch Dining Hall,Busch,2025-10-04,Saturday,Dinner,SALAD BAR,CRUMBLED FETA CHEESE
Busch Dining Hall,Busch,2025-10-04,Saturday,Dinner,SALAD BAR,KALAMATA OLIVES
Busch Dining Hall,Busch,2025-10-04,Saturday,Dinner,SALAD BAR,WHOLE BLACK PITTED OLIVES
Busch Dining Hall,Busch,2025-10-04,Saturday,Dinner,SALAD BAR,RIPE SLICED OLIVES
Busch Dining Hall,Busch,2025-10-04,Saturday,Dinner,SALAD BAR,PICKLE CHIPS
Busch Dining Hall,Busch,2025-10-04,Saturday,Dinner,SALAD BAR,PEPPERONCINI PEPPERS
Busch Dining Hall,Busch,2025-10-04,Saturday,Dinner,SALAD BAR,MARINATED ARTICHOKE HEARTS
Busch Dining Hall,Busch,2025-10-04,Saturday,Dinner,SALAD BAR,WASABI PEAS
Busch Dining Hall,Busch,2025-10-04,Saturday,Dinner,SALAD DRESSINGS,OLIVE AND CANOLA OIL BLEND
Busch Dining Hall,Busch,2025-10-04,Saturday,Dinner,SALAD DRESSINGS,BALSAMIC VINEGAR
Busch Dining Hall,Busch,2025-10-04,Saturday,Dinner,SALAD DRESSINGS,CAESAR DRESSING
Busch Dining Hall,Busch,2025-10-04,Saturday,Dinner,SALAD DRESSINGS,GOLDEN ITALIAN DRESSING
Busch Dining Hall,Busch,2025-10-04,Saturday,Dinner,SALAD DRESSINGS,RANCH DRESSING
Busch Dining Hall,Busch,2025-10-04,Saturday,Dinner,SALAD DRESSINGS,RASPBERRY VINAGRETTE DRESSING
Busch Dining Hall,Busch,2025-10-04,Saturday,Dinner,SALAD DRESSINGS,BALSAMIC VINAIGRETTE
Busch Dining Hall,Busch,2025-10-04,Saturday,Dinner,SALAD DRESSINGS,BLUE CHEESE DRESSING
Busch Dining Hall,Busch,2025-10-04,Saturday,Dinner,FRESH FRUIT,GRANNY SMITH APPLES
Busch Dining Hall,Busch,2025-10-04,Saturday,Dinner,FRESH FRUIT,RED DELICIOUS APPLES
Busch Dining Hall,Busch,2025-10-04,Saturday,Dinner,FRESH FRUIT,BANANAS
Busch Dining Hall,Busch,2025-10-04,Saturday,Dinner,FRESH FRUIT,WHOLE ORANGES
Busch Dining Hall,Busch,2025-10-04,Saturday,Dinner,FRESH FRUIT,RED GRAPEFRUIT
Busch Dining Hall,Busch,2025-10-04,Saturday,Dinner,FRESH FRUIT,STRAWBERRIES
Busch Dining Hall,Busch,2025-10-04,Saturday,Dinner,FRESH FRUIT,GREEN SEEDLESS GRAPES
Busch Dining Hall,Busch,2025-10-04,Saturday,Dinner,FRESH FRUIT,RED SEEDLESS  GRAPES
Busch Dining Hall,Busch,2025-10-04,Saturday,Dinner,FRESH FRUIT,WATERMELON
Busch Dining Hall,Busch,2025-10-04,Saturday,Dinner,FRESH FRUIT,CUT HONEYDEW MELON
Busch Dining Hall,Busch,2025-10-04,Saturday,Dinner,FRESH FRUIT,CUT PINEAPPLE
Busch Dining Hall,Busch,2025-10-04,Saturday,Dinner,FRESH FRUIT,CUT CANTELOUPE
Busch Dining Hall,Busch,2025-10-04,Saturday,Dinner,BREADS,ENGLISH MUFFIN
Busch Dining Hall,Busch,2025-10-04,Saturday,Dinner,BREADS,PANINI BREAD
Busch Dining Hall,Busch,2025-10-04,Saturday,Dinner,BREADS,PITA BREAD
Busch Dining Hall,Busch,2025-10-04,Saturday,Dinner,BREADS,SLICED PUMPERNICKEL BREAD
Busch Dining Hall,Busch,2025-10-04,Saturday,Dinner,BREADS,SLICED RYE BREAD
Busch Dining Hall,Busch,2025-10-04,Saturday,Dinner,BREADS,SLICED WHOLE WHEAT BREAD
Busch Dining Hall,Busch,2025-10-04,Saturday,Dinner,BREADS,SLICED WHITE BREAD
Busch Dining Hall,Busch,2025-10-04,Saturday,Dinner,BREADS,VARIETY WRAPS
Busch Dining Hall,Busch,2025-10-04,Saturday,Dinner,BREADS,MEDIUM KAISER ROLL
Busch Dining Hall,Busch,2025-10-05,Sunday,Breakfast,BAGEL NUTRITION,CINNAMON RAISIN BAGELS
Busch Dining Hall,Busch,2025-10-05,Sunday,Breakfast,BAGEL NUTRITION,EGG BAGEL
Busch Dining Hall,Busch,2025-10-05,Sunday,Breakfast,BAGEL NUTRITION,EVERYTHING BAGEL
Busch Dining Hall,Busch,2025-10-05,Sunday,Breakfast,BAGEL NUTRITION,GARLIC BAGEL
Busch Dining Hall,Busch,2025-10-05,Sunday,Breakfast,BAGEL NUTRITION,JALAPENO BAGEL
Busch Dining Hall,Busch,2025-10-05,Sunday,Breakfast,BAGEL NUTRITION,ONION BAGEL
Busch Dining Hall,Busch,2025-10-05,Sunday,Breakfast,BAGEL NUTRITION,PLAIN BAGELS
Busch Dining Hall,Busch,2025-10-05,Sunday,Breakfast,BAGEL NUTRITION,POPPY BAGEL
Busch Dining Hall,Busch,2025-10-05,Sunday,Breakfast,BAGEL NUTRITION,SALT BAGEL
Busch Dining Hall,Busch,2025-10-05,Sunday,Breakfast,BAGEL NUTRITION,SESAME BAGEL
Busch Dining Hall,Busch,2025-10-05,Sunday,Breakfast,BAGEL NUTRITION,SUNDRIED TOMATO BAGEL
Busch Dining Hall,Busch,2025-10-05,Sunday,Breakfast,BAGEL NUTRITION,WHOLE WHEAT BAGEL
Busch Dining Hall,Busch,2025-10-05,Sunday,Breakfast,YOGURT BAR,PLAIN GREEK CHOBANI YOGURT
Busch Dining Hall,Busch,2025-10-05,Sunday,Breakfast,YOGURT BAR,STRAWBERRY YOGURT
Busch Dining Hall,Busch,2025-10-05,Sunday,Breakfast,YOGURT BAR,VANILLA YOGURT
Busch Dining Hall,Busch,2025-10-05,Sunday,Breakfast,YOGURT BAR,COTTAGE CHEESE
Busch Dining Hall,Busch,2025-10-05,Sunday,Breakfast,YOGURT BAR,GRANOLA OATS & HONEY
Busch Dining Hall,Busch,2025-10-05,Sunday,Breakfast,YOGURT BAR,CRAISINS
Busch Dining Hall,Busch,2025-10-05,Sunday,Breakfast,YOGURT BAR,RAISINS
Busch Dining Hall,Busch,2025-10-05,Sunday,Breakfast,YOGURT BAR,PUMPKIN SEEDS
Busch Dining Hall,Busch,2025-10-05,Sunday,Breakfast,YOGURT BAR,SUNFLOWER SEEDS
Busch Dining Hall,Busch,2025-10-05,Sunday,Breakfast,FRESH FRUIT,GRANNY SMITH APPLES
Busch Dining Hall,Busch,2025-10-05,Sunday,Breakfast,FRESH FRUIT,RED DELICIOUS APPLES
Busch Dining Hall,Busch,2025-10-05,Sunday,Breakfast,FRESH FRUIT,BANANAS
Busch Dining Hall,Busch,2025-10-05,Sunday,Breakfast,FRESH FRUIT,WHOLE ORANGES
Busch Dining Hall,Busch,2025-10-05,Sunday,Breakfast,FRESH FRUIT,RED GRAPEFRUIT
Busch Dining Hall,Busch,2025-10-05,Sunday,Breakfast,FRESH FRUIT,STRAWBERRIES
Busch Dining Hall,Busch,2025-10-05,Sunday,Breakfast,FRESH FRUIT,GREEN SEEDLESS GRAPES
Busch Dining Hall,Busch,2025-10-05,Sunday,Breakfast,FRESH FRUIT,RED SEEDLESS  GRAPES
Busch Dining Hall,Busch,2025-10-05,Sunday,Breakfast,FRESH FRUIT,WATERMELON
Busch Dining Hall,Busch,2025-10-05,Sunday,Breakfast,FRESH FRUIT,CUT HONEYDEW MELON
Busch Dining Hall,Busch,2025-10-05,Sunday,Breakfast,FRESH FRUIT,CUT PINEAPPLE
Busch Dining Hall,Busch,2025-10-05,Sunday,Breakfast,FRESH FRUIT,CUT CANTELOUPE
Busch Dining Hall,Busch,2025-10-05,Sunday,Breakfast,BREADS,ENGLISH MUFFIN
Busch Dining Hall,Busch,2025-10-05,Sunday,Breakfast,BREADS,PANINI BREAD
Busch Dining Hall,Busch,2025-10-05,Sunday,Breakfast,BREADS,PITA BREAD
Busch Dining Hall,Busch,2025-10-05,Sunday,Breakfast,BREADS,SLICED PUMPERNICKEL BREAD
Busch Dining Hall,Busch,2025-10-05,Sunday,Breakfast,BREADS,SLICED RYE BREAD
Busch Dining Hall,Busch,2025-10-05,Sunday,Breakfast,BREADS,SLICED WHOLE WHEAT BREAD
Busch Dining Hall,Busch,2025-10-05,Sunday,Breakfast,BREADS,SLICED WHITE BREAD
Busch Dining Hall,Busch,2025-10-05,Sunday,Breakfast,BREADS,VARIETY WRAPS
Busch Dining Hall,Busch,2025-10-05,Sunday,Breakfast,BREADS,MEDIUM KAISER ROLL
Busch Dining Hall,Busch,2025-10-05,Sunday,Lunch,BREAKFAST ENTREES,ALFREDO SAUCE
Busch Dining Hall,Busch,2025-10-05,Sunday,Lunch,BREAKFAST ENTREES,BABY SPINACH
Busch Dining Hall,Busch,2025-10-05,Sunday,Lunch,BREAKFAST ENTREES,BROCCOLI
Busch Dining Hall,Busch,2025-10-05,Sunday,Lunch,BREAKFAST ENTREES,CANOLA OIL
Busch Dining Hall,Busch,2025-10-05,Sunday,Lunch,BREAKFAST ENTREES,CHOPPED GARLIC
Busch Dining Hall,Busch,2025-10-05,Sunday,Lunch,BREAKFAST ENTREES,DICED TOFU
Busch Dining Hall,Busch,2025-10-05,Sunday,Lunch,BREAKFAST ENTREES,FRESH CHICKEN STRIPS
Busch Dining Hall,Busch,2025-10-05,Sunday,Lunch,BREAKFAST ENTREES,MARINARA SAUCE
Busch Dining Hall,Busch,2025-10-05,Sunday,Lunch,BREAKFAST ENTREES,OLIVE AND CANOLA OIL BLEND
Busch Dining Hall,Busch,2025-10-05,Sunday,Lunch,BREAKFAST ENTREES,PARMESAN CHEESE
Busch Dining Hall,Busch,2025-10-05,Sunday,Lunch,BREAKFAST ENTREES,PENNE  PASTA
Busch Dining Hall,Busch,2025-10-05,Sunday,Lunch,BREAKFAST ENTREES,PESTO
Busch Dining Hall,Busch,2025-10-05,Sunday,Lunch,BREAKFAST ENTREES,PINK PASTA SAUCE
Busch Dining Hall,Busch,2025-10-05,Sunday,Lunch,BREAKFAST ENTREES,PORK SAUSAGE CRUMBLES
Busch Dining Hall,Busch,2025-10-05,Sunday,Lunch,BREAKFAST ENTREES,RED ONION
Busch Dining Hall,Busch,2025-10-05,Sunday,Lunch,BREAKFAST ENTREES,SHREDDED MOZZARELLA CHEESE
Busch Dining Hall,Busch,2025-10-05,Sunday,Lunch,BREAKFAST ENTREES,SHRIMP
Busch Dining Hall,Busch,2025-10-05,Sunday,Lunch,BREAKFAST ENTREES,SLICED MUSHROOMS
Busch Dining Hall,Busch,2025-10-05,Sunday,Lunch,BREAKFAST ENTREES,WHOLE WHEAT PENNE
Busch Dining Hall,Busch,2025-10-05,Sunday,Lunch,BREAKFAST ENTREES,BUILD YOUR OWN OMELET
Busch Dining Hall,Busch,2025-10-05,Sunday,Lunch,BAGELS,ALFREDO SAUCE
Busch Dining Hall,Busch,2025-10-05,Sunday,Lunch,BAGELS,BABY SPINACH
Busch Dining Hall,Busch,2025-10-05,Sunday,Lunch,BAGELS,BROCCOLI
Busch Dining Hall,Busch,2025-10-05,Sunday,Lunch,BAGELS,CANOLA OIL
Busch Dining Hall,Busch,2025-10-05,Sunday,Lunch,BAGELS,CHOPPED GARLIC
Busch Dining Hall,Busch,2025-10-05,Sunday,Lunch,BAGELS,DICED TOFU
Busch Dining Hall,Busch,2025-10-05,Sunday,Lunch,BAGELS,FRESH CHICKEN STRIPS
Busch Dining Hall,Busch,2025-10-05,Sunday,Lunch,BAGELS,MARINARA SAUCE
Busch Dining Hall,Busch,2025-10-05,Sunday,Lunch,BAGELS,OLIVE AND CANOLA OIL BLEND
Busch Dining Hall,Busch,2025-10-05,Sunday,Lunch,BAGELS,PARMESAN CHEESE
Busch Dining Hall,Busch,2025-10-05,Sunday,Lunch,BAGELS,PENNE  PASTA
Busch Dining Hall,Busch,2025-10-05,Sunday,Lunch,BAGELS,PESTO
Busch Dining Hall,Busch,2025-10-05,Sunday,Lunch,BAGELS,PINK PASTA SAUCE
Busch Dining Hall,Busch,2025-10-05,Sunday,Lunch,BAGELS,PORK SAUSAGE CRUMBLES
Busch Dining Hall,Busch,2025-10-05,Sunday,Lunch,BAGELS,RED ONION
Busch Dining Hall,Busch,2025-10-05,Sunday,Lunch,BAGELS,SHREDDED MOZZARELLA CHEESE
Busch Dining Hall,Busch,2025-10-05,Sunday,Lunch,BAGELS,SHRIMP
Busch Dining Hall,Busch,2025-10-05,Sunday,Lunch,BAGELS,SLICED MUSHROOMS
Busch Dining Hall,Busch,2025-10-05,Sunday,Lunch,BAGELS,WHOLE WHEAT PENNE
Busch Dining Hall,Busch,2025-10-05,Sunday,Lunch,BAGELS,BUILD YOUR OWN OMELET
Busch Dining Hall,Busch,2025-10-05,Sunday,Lunch,SOUPS,ALFREDO SAUCE
Busch Dining Hall,Busch,2025-10-05,Sunday,Lunch,SOUPS,BABY SPINACH
Busch Dining Hall,Busch,2025-10-05,Sunday,Lunch,SOUPS,BROCCOLI
Busch Dining Hall,Busch,2025-10-05,Sunday,Lunch,SOUPS,CANOLA OIL
Busch Dining Hall,Busch,2025-10-05,Sunday,Lunch,SOUPS,CHOPPED GARLIC
Busch Dining Hall,Busch,2025-10-05,Sunday,Lunch,SOUPS,DICED TOFU
Busch Dining Hall,Busch,2025-10-05,Sunday,Lunch,SOUPS,FRESH CHICKEN STRIPS
Busch Dining Hall,Busch,2025-10-05,Sunday,Lunch,SOUPS,MARINARA SAUCE
Busch Dining Hall,Busch,2025-10-05,Sunday,Lunch,SOUPS,OLIVE AND CANOLA OIL BLEND
Busch Dining Hall,Busch,2025-10-05,Sunday,Lunch,SOUPS,PARMESAN CHEESE
Busch Dining Hall,Busch,2025-10-05,Sunday,Lunch,SOUPS,PENNE  PASTA
Busch Dining Hall,Busch,2025-10-05,Sunday,Lunch,SOUPS,PESTO
Busch Dining Hall,Busch,2025-10-05,Sunday,Lunch,SOUPS,PINK PASTA SAUCE
Busch Dining Hall,Busch,2025-10-05,Sunday,Lunch,SOUPS,PORK SAUSAGE CRUMBLES
Busch Dining Hall,Busch,2025-10-05,Sunday,Lunch,SOUPS,RED ONION
Busch Dining Hall,Busch,2025-10-05,Sunday,Lunch,SOUPS,SHREDDED MOZZARELLA CHEESE
Busch Dining Hall,Busch,2025-10-05,Sunday,Lunch,SOUPS,SHRIMP
Busch Dining Hall,Busch,2025-10-05,Sunday,Lunch,SOUPS,SLICED MUSHROOMS
Busch Dining Hall,Busch,2025-10-05,Sunday,Lunch,SOUPS,WHOLE WHEAT PENNE
Busch Dining Hall,Busch,2025-10-05,Sunday,Lunch,SOUPS,BUILD YOUR OWN OMELET
Busch Dining Hall,Busch,2025-10-05,Sunday,Lunch,DELI BAR ENTREE,ALFREDO SAUCE
Busch Dining Hall,Busch,2025-10-05,Sunday,Lunch,DELI BAR ENTREE,BABY SPINACH
Busch Dining Hall,Busch,2025-10-05,Sunday,Lunch,DELI BAR ENTREE,BROCCOLI
Busch Dining Hall,Busch,2025-10-05,Sunday,Lunch,DELI BAR ENTREE,CANOLA OIL
Busch Dining Hall,Busch,2025-10-05,Sunday,Lunch,DELI BAR ENTREE,CHOPPED GARLIC
Busch Dining Hall,Busch,2025-10-05,Sunday,Lunch,DELI BAR ENTREE,DICED TOFU
Busch Dining Hall,Busch,2025-10-05,Sunday,Lunch,DELI BAR ENTREE,FRESH CHICKEN STRIPS
Busch Dining Hall,Busch,2025-10-05,Sunday,Lunch,DELI BAR ENTREE,MARINARA SAUCE
Busch Dining Hall,Busch,2025-10-05,Sunday,Lunch,DELI BAR ENTREE,OLIVE AND CANOLA OIL BLEND
Busch Dining Hall,Busch,2025-10-05,Sunday,Lunch,DELI BAR ENTREE,PARMESAN CHEESE
Busch Dining Hall,Busch,2025-10-05,Sunday,Lunch,DELI BAR ENTREE,PENNE  PASTA
Busch Dining Hall,Busch,2025-10-05,Sunday,Lunch,DELI BAR ENTREE,PESTO
Busch Dining Hall,Busch,2025-10-05,Sunday,Lunch,DELI BAR ENTREE,PINK PASTA SAUCE
Busch Dining Hall,Busch,2025-10-05,Sunday,Lunch,DELI BAR ENTREE,PORK SAUSAGE CRUMBLES
Busch Dining Hall,Busch,2025-10-05,Sunday,Lunch,DELI BAR ENTREE,RED ONION
Busch Dining Hall,Busch,2025-10-05,Sunday,Lunch,DELI BAR ENTREE,SHREDDED MOZZARELLA CHEESE
Busch Dining Hall,Busch,2025-10-05,Sunday,Lunch,DELI BAR ENTREE,SHRIMP
Busch Dining Hall,Busch,2025-10-05,Sunday,Lunch,DELI BAR ENTREE,SLICED MUSHROOMS
Busch Dining Hall,Busch,2025-10-05,Sunday,Lunch,DELI BAR ENTREE,WHOLE WHEAT PENNE
Busch Dining Hall,Busch,2025-10-05,Sunday,Lunch,DELI BAR ENTREE,BUILD YOUR OWN OMELET
Busch Dining Hall,Busch,2025-10-05,Sunday,Lunch,ENTREES,ALFREDO SAUCE
Busch Dining Hall,Busch,2025-10-05,Sunday,Lunch,ENTREES,BABY SPINACH
Busch Dining Hall,Busch,2025-10-05,Sunday,Lunch,ENTREES,BROCCOLI
Busch Dining Hall,Busch,2025-10-05,Sunday,Lunch,ENTREES,CANOLA OIL
Busch Dining Hall,Busch,2025-10-05,Sunday,Lunch,ENTREES,CHOPPED GARLIC
Busch Dining Hall,Busch,2025-10-05,Sunday,Lunch,ENTREES,DICED TOFU
Busch Dining Hall,Busch,2025-10-05,Sunday,Lunch,ENTREES,FRESH CHICKEN STRIPS
Busch Dining Hall,Busch,2025-10-05,Sunday,Lunch,ENTREES,MARINARA SAUCE
Busch Dining Hall,Busch,2025-10-05,Sunday,Lunch,ENTREES,OLIVE AND CANOLA OIL BLEND
Busch Dining Hall,Busch,2025-10-05,Sunday,Lunch,ENTREES,PARMESAN CHEESE
Busch Dining Hall,Busch,2025-10-05,Sunday,Lunch,ENTREES,PENNE  PASTA
Busch Dining Hall,Busch,2025-10-05,Sunday,Lunch,ENTREES,PESTO
Busch Dining Hall,Busch,2025-10-05,Sunday,Lunch,ENTREES,PINK PASTA SAUCE
Busch Dining Hall,Busch,2025-10-05,Sunday,Lunch,ENTREES,PORK SAUSAGE CRUMBLES
Busch Dining Hall,Busch,2025-10-05,Sunday,Lunch,ENTREES,RED ONION
Busch Dining Hall,Busch,2025-10-05,Sunday,Lunch,ENTREES,SHREDDED MOZZARELLA CHEESE
Busch Dining Hall,Busch,2025-10-05,Sunday,Lunch,ENTREES,SHRIMP
Busch Dining Hall,Busch,2025-10-05,Sunday,Lunch,ENTREES,SLICED MUSHROOMS
Busch Dining Hall,Busch,2025-10-05,Sunday,Lunch,ENTREES,WHOLE WHEAT PENNE
Busch Dining Hall,Busch,2025-10-05,Sunday,Lunch,ENTREES,BUILD YOUR OWN OMELET
Busch Dining Hall,Busch,2025-10-05,Sunday,Lunch,COOK TO ORDER BAR,ALFREDO SAUCE
Busch Dining Hall,Busch,2025-10-05,Sunday,Lunch,COOK TO ORDER BAR,BABY SPINACH
Busch Dining Hall,Busch,2025-10-05,Sunday,Lunch,COOK TO ORDER BAR,BROCCOLI
Busch Dining Hall,Busch,2025-10-05,Sunday,Lunch,COOK TO ORDER BAR,CANOLA OIL
Busch Dining Hall,Busch,2025-10-05,Sunday,Lunch,COOK TO ORDER BAR,CHOPPED GARLIC
Busch Dining Hall,Busch,2025-10-05,Sunday,Lunch,COOK TO ORDER BAR,DICED TOFU
Busch Dining Hall,Busch,2025-10-05,Sunday,Lunch,COOK TO ORDER BAR,FRESH CHICKEN STRIPS
Busch Dining Hall,Busch,2025-10-05,Sunday,Lunch,COOK TO ORDER BAR,MARINARA SAUCE
Busch Dining Hall,Busch,2025-10-05,Sunday,Lunch,COOK TO ORDER BAR,OLIVE AND CANOLA OIL BLEND
Busch Dining Hall,Busch,2025-10-05,Sunday,Lunch,COOK TO ORDER BAR,PARMESAN CHEESE
Busch Dining Hall,Busch,2025-10-05,Sunday,Lunch,COOK TO ORDER BAR,PENNE  PASTA
Busch Dining Hall,Busch,2025-10-05,Sunday,Lunch,COOK TO ORDER BAR,PESTO
Busch Dining Hall,Busch,2025-10-05,Sunday,Lunch,COOK TO ORDER BAR,PINK PASTA SAUCE
Busch Dining Hall,Busch,2025-10-05,Sunday,Lunch,COOK TO ORDER BAR,PORK SAUSAGE CRUMBLES
Busch Dining Hall,Busch,2025-10-05,Sunday,Lunch,COOK TO ORDER BAR,RED ONION
Busch Dining Hall,Busch,2025-10-05,Sunday,Lunch,COOK TO ORDER BAR,SHREDDED MOZZARELLA CHEESE
Busch Dining Hall,Busch,2025-10-05,Sunday,Lunch,COOK TO ORDER BAR,SHRIMP
Busch Dining Hall,Busch,2025-10-05,Sunday,Lunch,COOK TO ORDER BAR,SLICED MUSHROOMS
Busch Dining Hall,Busch,2025-10-05,Sunday,Lunch,COOK TO ORDER BAR,WHOLE WHEAT PENNE
Busch Dining Hall,Busch,2025-10-05,Sunday,Lunch,COOK TO ORDER BAR,BUILD YOUR OWN OMELET
Busch Dining Hall,Busch,2025-10-05,Sunday,Lunch,PIZZA & PASTA,ALFREDO SAUCE
Busch Dining Hall,Busch,2025-10-05,Sunday,Lunch,PIZZA & PASTA,BABY SPINACH
Busch Dining Hall,Busch,2025-10-05,Sunday,Lunch,PIZZA & PASTA,BROCCOLI
Busch Dining Hall,Busch,2025-10-05,Sunday,Lunch,PIZZA & PASTA,CANOLA OIL
Busch Dining Hall,Busch,2025-10-05,Sunday,Lunch,PIZZA & PASTA,CHOPPED GARLIC
Busch Dining Hall,Busch,2025-10-05,Sunday,Lunch,PIZZA & PASTA,DICED TOFU
Busch Dining Hall,Busch,2025-10-05,Sunday,Lunch,PIZZA & PASTA,FRESH CHICKEN STRIPS
Busch Dining Hall,Busch,2025-10-05,Sunday,Lunch,PIZZA & PASTA,MARINARA SAUCE
Busch Dining Hall,Busch,2025-10-05,Sunday,Lunch,PIZZA & PASTA,OLIVE AND CANOLA OIL BLEND
Busch Dining Hall,Busch,2025-10-05,Sunday,Lunch,PIZZA & PASTA,PARMESAN CHEESE
Busch Dining Hall,Busch,2025-10-05,Sunday,Lunch,PIZZA & PASTA,PENNE  PASTA
Busch Dining Hall,Busch,2025-10-05,Sunday,Lunch,PIZZA & PASTA,PESTO
Busch Dining Hall,Busch,2025-10-05,Sunday,Lunch,PIZZA & PASTA,PINK PASTA SAUCE
Busch Dining Hall,Busch,2025-10-05,Sunday,Lunch,PIZZA & PASTA,PORK SAUSAGE CRUMBLES
Busch Dining Hall,Busch,2025-10-05,Sunday,Lunch,PIZZA & PASTA,RED ONION
Busch Dining Hall,Busch,2025-10-05,Sunday,Lunch,PIZZA & PASTA,SHREDDED MOZZARELLA CHEESE
Busch Dining Hall,Busch,2025-10-05,Sunday,Lunch,PIZZA & PASTA,SHRIMP
Busch Dining Hall,Busch,2025-10-05,Sunday,Lunch,PIZZA & PASTA,SLICED MUSHROOMS
Busch Dining Hall,Busch,2025-10-05,Sunday,Lunch,PIZZA & PASTA,WHOLE WHEAT PENNE
Busch Dining Hall,Busch,2025-10-05,Sunday,Lunch,PIZZA & PASTA,BUILD YOUR OWN OMELET
Busch Dining Hall,Busch,2025-10-05,Sunday,Lunch,VEGETARIAN,ALFREDO SAUCE
Busch Dining Hall,Busch,2025-10-05,Sunday,Lunch,VEGETARIAN,BABY SPINACH
Busch Dining Hall,Busch,2025-10-05,Sunday,Lunch,VEGETARIAN,BROCCOLI
Busch Dining Hall,Busch,2025-10-05,Sunday,Lunch,VEGETARIAN,CANOLA OIL
Busch Dining Hall,Busch,2025-10-05,Sunday,Lunch,VEGETARIAN,CHOPPED GARLIC
Busch Dining Hall,Busch,2025-10-05,Sunday,Lunch,VEGETARIAN,DICED TOFU
Busch Dining Hall,Busch,2025-10-05,Sunday,Lunch,VEGETARIAN,FRESH CHICKEN STRIPS
Busch Dining Hall,Busch,2025-10-05,Sunday,Lunch,VEGETARIAN,MARINARA SAUCE
Busch Dining Hall,Busch,2025-10-05,Sunday,Lunch,VEGETARIAN,OLIVE AND CANOLA OIL BLEND
Busch Dining Hall,Busch,2025-10-05,Sunday,Lunch,VEGETARIAN,PARMESAN CHEESE
Busch Dining Hall,Busch,2025-10-05,Sunday,Lunch,VEGETARIAN,PENNE  PASTA
Busch Dining Hall,Busch,2025-10-05,Sunday,Lunch,VEGETARIAN,PESTO
Busch Dining Hall,Busch,2025-10-05,Sunday,Lunch,VEGETARIAN,PINK PASTA SAUCE
Busch Dining Hall,Busch,2025-10-05,Sunday,Lunch,VEGETARIAN,PORK SAUSAGE CRUMBLES
Busch Dining Hall,Busch,2025-10-05,Sunday,Lunch,VEGETARIAN,RED ONION
Busch Dining Hall,Busch,2025-10-05,Sunday,Lunch,VEGETARIAN,SHREDDED MOZZARELLA CHEESE
Busch Dining Hall,Busch,2025-10-05,Sunday,Lunch,VEGETARIAN,SHRIMP
Busch Dining Hall,Busch,2025-10-05,Sunday,Lunch,VEGETARIAN,SLICED MUSHROOMS
Busch Dining Hall,Busch,2025-10-05,Sunday,Lunch,VEGETARIAN,WHOLE WHEAT PENNE
Busch Dining Hall,Busch,2025-10-05,Sunday,Lunch,VEGETARIAN,BUILD YOUR OWN OMELET
Busch Dining Hall,Busch,2025-10-05,Sunday,Lunch,PASTA STATION,ALFREDO SAUCE
Busch Dining Hall,Busch,2025-10-05,Sunday,Lunch,PASTA STATION,BABY SPINACH
Busch Dining Hall,Busch,2025-10-05,Sunday,Lunch,PASTA STATION,BROCCOLI
Busch Dining Hall,Busch,2025-10-05,Sunday,Lunch,PASTA STATION,CANOLA OIL
Busch Dining Hall,Busch,2025-10-05,Sunday,Lunch,PASTA STATION,CHOPPED GARLIC
Busch Dining Hall,Busch,2025-10-05,Sunday,Lunch,PASTA STATION,DICED TOFU
Busch Dining Hall,Busch,2025-10-05,Sunday,Lunch,PASTA STATION,FRESH CHICKEN STRIPS
Busch Dining Hall,Busch,2025-10-05,Sunday,Lunch,PASTA STATION,MARINARA SAUCE
Busch Dining Hall,Busch,2025-10-05,Sunday,Lunch,PASTA STATION,OLIVE AND CANOLA OIL BLEND
Busch Dining Hall,Busch,2025-10-05,Sunday,Lunch,PASTA STATION,PARMESAN CHEESE
Busch Dining Hall,Busch,2025-10-05,Sunday,Lunch,PASTA STATION,PENNE  PASTA
Busch Dining Hall,Busch,2025-10-05,Sunday,Lunch,PASTA STATION,PESTO
Busch Dining Hall,Busch,2025-10-05,Sunday,Lunch,PASTA STATION,PINK PASTA SAUCE
Busch Dining Hall,Busch,2025-10-05,Sunday,Lunch,PASTA STATION,PORK SAUSAGE CRUMBLES
Busch Dining Hall,Busch,2025-10-05,Sunday,Lunch,PASTA STATION,RED ONION
Busch Dining Hall,Busch,2025-10-05,Sunday,Lunch,PASTA STATION,SHREDDED MOZZARELLA CHEESE
Busch Dining Hall,Busch,2025-10-05,Sunday,Lunch,PASTA STATION,SHRIMP
Busch Dining Hall,Busch,2025-10-05,Sunday,Lunch,PASTA STATION,SLICED MUSHROOMS
Busch Dining Hall,Busch,2025-10-05,Sunday,Lunch,PASTA STATION,WHOLE WHEAT PENNE
Busch Dining Hall,Busch,2025-10-05,Sunday,Lunch,PASTA STATION,BUILD YOUR OWN OMELET
Busch Dining Hall,Busch,2025-10-05,Sunday,Lunch,CTO MASTER,ALFREDO SAUCE
Busch Dining Hall,Busch,2025-10-05,Sunday,Lunch,CTO MASTER,BABY SPINACH
Busch Dining Hall,Busch,2025-10-05,Sunday,Lunch,CTO MASTER,BROCCOLI
Busch Dining Hall,Busch,2025-10-05,Sunday,Lunch,CTO MASTER,CANOLA OIL
Busch Dining Hall,Busch,2025-10-05,Sunday,Lunch,CTO MASTER,CHOPPED GARLIC
Busch Dining Hall,Busch,2025-10-05,Sunday,Lunch,CTO MASTER,DICED TOFU
Busch Dining Hall,Busch,2025-10-05,Sunday,Lunch,CTO MASTER,FRESH CHICKEN STRIPS
Busch Dining Hall,Busch,2025-10-05,Sunday,Lunch,CTO MASTER,MARINARA SAUCE
Busch Dining Hall,Busch,2025-10-05,Sunday,Lunch,CTO MASTER,OLIVE AND CANOLA OIL BLEND
Busch Dining Hall,Busch,2025-10-05,Sunday,Lunch,CTO MASTER,PARMESAN CHEESE
Busch Dining Hall,Busch,2025-10-05,Sunday,Lunch,CTO MASTER,PENNE  PASTA
Busch Dining Hall,Busch,2025-10-05,Sunday,Lunch,CTO MASTER,PESTO
Busch Dining Hall,Busch,2025-10-05,Sunday,Lunch,CTO MASTER,PINK PASTA SAUCE
Busch Dining Hall,Busch,2025-10-05,Sunday,Lunch,CTO MASTER,PORK SAUSAGE CRUMBLES
Busch Dining Hall,Busch,2025-10-05,Sunday,Lunch,CTO MASTER,RED ONION
Busch Dining Hall,Busch,2025-10-05,Sunday,Lunch,CTO MASTER,SHREDDED MOZZARELLA CHEESE
Busch Dining Hall,Busch,2025-10-05,Sunday,Lunch,CTO MASTER,SHRIMP
Busch Dining Hall,Busch,2025-10-05,Sunday,Lunch,CTO MASTER,SLICED MUSHROOMS
Busch Dining Hall,Busch,2025-10-05,Sunday,Lunch,CTO MASTER,WHOLE WHEAT PENNE
Busch Dining Hall,Busch,2025-10-05,Sunday,Lunch,CTO MASTER,BUILD YOUR OWN OMELET
Busch Dining Hall,Busch,2025-10-05,Sunday,Lunch,YOGURT BAR,PLAIN GREEK CHOBANI YOGURT
Busch Dining Hall,Busch,2025-10-05,Sunday,Lunch,YOGURT BAR,STRAWBERRY YOGURT
Busch Dining Hall,Busch,2025-10-05,Sunday,Lunch,YOGURT BAR,VANILLA YOGURT
Busch Dining Hall,Busch,2025-10-05,Sunday,Lunch,YOGURT BAR,COTTAGE CHEESE
Busch Dining Hall,Busch,2025-10-05,Sunday,Lunch,YOGURT BAR,GRANOLA OATS & HONEY
Busch Dining Hall,Busch,2025-10-05,Sunday,Lunch,YOGURT BAR,CRAISINS
Busch Dining Hall,Busch,2025-10-05,Sunday,Lunch,YOGURT BAR,RAISINS
Busch Dining Hall,Busch,2025-10-05,Sunday,Lunch,YOGURT BAR,PUMPKIN SEEDS
Busch Dining Hall,Busch,2025-10-05,Sunday,Lunch,YOGURT BAR,SUNFLOWER SEEDS
Busch Dining Hall,Busch,2025-10-05,Sunday,Lunch,SALAD BAR,SPRING MIX GREENS
Busch Dining Hall,Busch,2025-10-05,Sunday,Lunch,SALAD BAR,CHOPPED ROMAINE LETTUCE
Busch Dining Hall,Busch,2025-10-05,Sunday,Lunch,SALAD BAR,BABY SPINACH
Busch Dining Hall,Busch,2025-10-05,Sunday,Lunch,SALAD BAR,SHREDDED RED CABBAGE
Busch Dining Hall,Busch,2025-10-05,Sunday,Lunch,SALAD BAR,CHERRY TOMATOES
Busch Dining Hall,Busch,2025-10-05,Sunday,Lunch,SALAD BAR,TOMATO WEDGES
Busch Dining Hall,Busch,2025-10-05,Sunday,Lunch,SALAD BAR,CUCUMBERS
Busch Dining Hall,Busch,2025-10-05,Sunday,Lunch,SALAD BAR,RED ONION
Busch Dining Hall,Busch,2025-10-05,Sunday,Lunch,SALAD BAR,BROCCOLI FLORETS
Busch Dining Hall,Busch,2025-10-05,Sunday,Lunch,SALAD BAR,CAULIFLOWER FLORETS
Busch Dining Hall,Busch,2025-10-05,Sunday,Lunch,SALAD BAR,SLICED MUSHROOMS
Busch Dining Hall,Busch,2025-10-05,Sunday,Lunch,SALAD BAR,SHREDDED CARROTS
Busch Dining Hall,Busch,2025-10-05,Sunday,Lunch,SALAD BAR,CHOPPED SWEET RED PEPPERS
Busch Dining Hall,Busch,2025-10-05,Sunday,Lunch,SALAD BAR,BABY CORN
Busch Dining Hall,Busch,2025-10-05,Sunday,Lunch,SALAD BAR,CORN KERNELS
Busch Dining Hall,Busch,2025-10-05,Sunday,Lunch,SALAD BAR,SLICED BEETS
Busch Dining Hall,Busch,2025-10-05,Sunday,Lunch,SALAD BAR,ARTICHOKE HEARTS
Busch Dining Hall,Busch,2025-10-05,Sunday,Lunch,SALAD BAR,CROUTONS
Busch Dining Hall,Busch,2025-10-05,Sunday,Lunch,SALAD BAR,HARDBOILED EGGS
Busch Dining Hall,Busch,2025-10-05,Sunday,Lunch,SALAD BAR,DICED TOFU
Busch Dining Hall,Busch,2025-10-05,Sunday,Lunch,SALAD BAR,WHITE CANNELLINI BEAN
Busch Dining Hall,Busch,2025-10-05,Sunday,Lunch,SALAD BAR,KIDNEY BEANS
Busch Dining Hall,Busch,2025-10-05,Sunday,Lunch,SALAD BAR,CHICKPEAS
Busch Dining Hall,Busch,2025-10-05,Sunday,Lunch,SALAD BAR,SEASONED BLACK BEANS
Busch Dining Hall,Busch,2025-10-05,Sunday,Lunch,SALAD BAR,SHREDDED CHEDDAR  CHEESE
Busch Dining Hall,Busch,2025-10-05,Sunday,Lunch,SALAD BAR,SHREDDED MOZZARELLA CHEESE
Busch Dining Hall,Busch,2025-10-05,Sunday,Lunch,SALAD BAR,CRUMBLED FETA CHEESE
Busch Dining Hall,Busch,2025-10-05,Sunday,Lunch,SALAD BAR,KALAMATA OLIVES
Busch Dining Hall,Busch,2025-10-05,Sunday,Lunch,SALAD BAR,WHOLE BLACK PITTED OLIVES
Busch Dining Hall,Busch,2025-10-05,Sunday,Lunch,SALAD BAR,RIPE SLICED OLIVES
Busch Dining Hall,Busch,2025-10-05,Sunday,Lunch,SALAD BAR,PICKLE CHIPS
Busch Dining Hall,Busch,2025-10-05,Sunday,Lunch,SALAD BAR,PEPPERONCINI PEPPERS
Busch Dining Hall,Busch,2025-10-05,Sunday,Lunch,SALAD BAR,MARINATED ARTICHOKE HEARTS
Busch Dining Hall,Busch,2025-10-05,Sunday,Lunch,SALAD BAR,WASABI PEAS
Busch Dining Hall,Busch,2025-10-05,Sunday,Lunch,SALAD DRESSINGS,OLIVE AND CANOLA OIL BLEND
Busch Dining Hall,Busch,2025-10-05,Sunday,Lunch,SALAD DRESSINGS,BALSAMIC VINEGAR
Busch Dining Hall,Busch,2025-10-05,Sunday,Lunch,SALAD DRESSINGS,CAESAR DRESSING
Busch Dining Hall,Busch,2025-10-05,Sunday,Lunch,SALAD DRESSINGS,GOLDEN ITALIAN DRESSING
Busch Dining Hall,Busch,2025-10-05,Sunday,Lunch,SALAD DRESSINGS,RANCH DRESSING
Busch Dining Hall,Busch,2025-10-05,Sunday,Lunch,SALAD DRESSINGS,RASPBERRY VINAGRETTE DRESSING
Busch Dining Hall,Busch,2025-10-05,Sunday,Lunch,SALAD DRESSINGS,BALSAMIC VINAIGRETTE
Busch Dining Hall,Busch,2025-10-05,Sunday,Lunch,SALAD DRESSINGS,BLUE CHEESE DRESSING
Busch Dining Hall,Busch,2025-10-05,Sunday,Lunch,FRESH FRUIT,GRANNY SMITH APPLES
Busch Dining Hall,Busch,2025-10-05,Sunday,Lunch,FRESH FRUIT,RED DELICIOUS APPLES
Busch Dining Hall,Busch,2025-10-05,Sunday,Lunch,FRESH FRUIT,BANANAS
Busch Dining Hall,Busch,2025-10-05,Sunday,Lunch,FRESH FRUIT,WHOLE ORANGES
Busch Dining Hall,Busch,2025-10-05,Sunday,Lunch,FRESH FRUIT,RED GRAPEFRUIT
Busch Dining Hall,Busch,2025-10-05,Sunday,Lunch,FRESH FRUIT,STRAWBERRIES
Busch Dining Hall,Busch,2025-10-05,Sunday,Lunch,FRESH FRUIT,GREEN SEEDLESS GRAPES
Busch Dining Hall,Busch,2025-10-05,Sunday,Lunch,FRESH FRUIT,RED SEEDLESS  GRAPES
Busch Dining Hall,Busch,2025-10-05,Sunday,Lunch,FRESH FRUIT,WATERMELON
Busch Dining Hall,Busch,2025-10-05,Sunday,Lunch,FRESH FRUIT,CUT HONEYDEW MELON
Busch Dining Hall,Busch,2025-10-05,Sunday,Lunch,FRESH FRUIT,CUT PINEAPPLE
Busch Dining Hall,Busch,2025-10-05,Sunday,Lunch,FRESH FRUIT,CUT CANTELOUPE
Busch Dining Hall,Busch,2025-10-05,Sunday,Lunch,BREADS,ENGLISH MUFFIN
Busch Dining Hall,Busch,2025-10-05,Sunday,Lunch,BREADS,PANINI BREAD
Busch Dining Hall,Busch,2025-10-05,Sunday,Lunch,BREADS,PITA BREAD
Busch Dining Hall,Busch,2025-10-05,Sunday,Lunch,BREADS,SLICED PUMPERNICKEL BREAD
Busch Dining Hall,Busch,2025-10-05,Sunday,Lunch,BREADS,SLICED RYE BREAD
Busch Dining Hall,Busch,2025-10-05,Sunday,Lunch,BREADS,SLICED WHOLE WHEAT BREAD
Busch Dining Hall,Busch,2025-10-05,Sunday,Lunch,BREADS,SLICED WHITE BREAD
Busch Dining Hall,Busch,2025-10-05,Sunday,Lunch,BREADS,VARIETY WRAPS
Busch Dining Hall,Busch,2025-10-05,Sunday,Lunch,BREADS,MEDIUM KAISER ROLL
Busch Dining Hall,Busch,2025-10-05,Sunday,Dinner,SOUPS,ALFREDO SAUCE
Busch Dining Hall,Busch,2025-10-05,Sunday,Dinner,SOUPS,CHEESE PIZZA
Busch Dining Hall,Busch,2025-10-05,Sunday,Dinner,SOUPS,CHEESY BAKED PUMPKIN PASTA W/ KALE
Busch Dining Hall,Busch,2025-10-05,Sunday,Dinner,SOUPS,GRILLED CHICKEN MONTREAL
Busch Dining Hall,Busch,2025-10-05,Sunday,Dinner,SOUPS,MARINARA SAUCE
Busch Dining Hall,Busch,2025-10-05,Sunday,Dinner,SOUPS,PENNE  PASTA
Busch Dining Hall,Busch,2025-10-05,Sunday,Dinner,SOUPS,PEPPERONI PIZZA
Busch Dining Hall,Busch,2025-10-05,Sunday,Dinner,SOUPS,WHOLE WHEAT PENNE
Busch Dining Hall,Busch,2025-10-05,Sunday,Dinner,SOUPS,ALFREDO SAUCE
Busch Dining Hall,Busch,2025-10-05,Sunday,Dinner,SOUPS,BABY SPINACH
Busch Dining Hall,Busch,2025-10-05,Sunday,Dinner,SOUPS,BROCCOLI
Busch Dining Hall,Busch,2025-10-05,Sunday,Dinner,SOUPS,CANOLA OIL
Busch Dining Hall,Busch,2025-10-05,Sunday,Dinner,SOUPS,CHOPPED GARLIC
Busch Dining Hall,Busch,2025-10-05,Sunday,Dinner,SOUPS,DICED TOFU
Busch Dining Hall,Busch,2025-10-05,Sunday,Dinner,SOUPS,FRESH CHICKEN STRIPS
Busch Dining Hall,Busch,2025-10-05,Sunday,Dinner,SOUPS,MARINARA SAUCE
Busch Dining Hall,Busch,2025-10-05,Sunday,Dinner,SOUPS,OLIVE AND CANOLA OIL BLEND
Busch Dining Hall,Busch,2025-10-05,Sunday,Dinner,SOUPS,PARMESAN CHEESE
Busch Dining Hall,Busch,2025-10-05,Sunday,Dinner,SOUPS,PENNE  PASTA
Busch Dining Hall,Busch,2025-10-05,Sunday,Dinner,SOUPS,PESTO
Busch Dining Hall,Busch,2025-10-05,Sunday,Dinner,SOUPS,PINK PASTA SAUCE
Busch Dining Hall,Busch,2025-10-05,Sunday,Dinner,SOUPS,PORK SAUSAGE CRUMBLES
Busch Dining Hall,Busch,2025-10-05,Sunday,Dinner,SOUPS,RED ONION
Busch Dining Hall,Busch,2025-10-05,Sunday,Dinner,SOUPS,SHREDDED MOZZARELLA CHEESE
Busch Dining Hall,Busch,2025-10-05,Sunday,Dinner,SOUPS,SHRIMP
Busch Dining Hall,Busch,2025-10-05,Sunday,Dinner,SOUPS,SLICED MUSHROOMS
Busch Dining Hall,Busch,2025-10-05,Sunday,Dinner,SOUPS,WHOLE WHEAT PENNE
Busch Dining Hall,Busch,2025-10-05,Sunday,Dinner,SOUPS,BUILD YOUR OWN BURGERS
Busch Dining Hall,Busch,2025-10-05,Sunday,Dinner,DELI BAR ENTREE,ALFREDO SAUCE
Busch Dining Hall,Busch,2025-10-05,Sunday,Dinner,DELI BAR ENTREE,CHEESE PIZZA
Busch Dining Hall,Busch,2025-10-05,Sunday,Dinner,DELI BAR ENTREE,CHEESY BAKED PUMPKIN PASTA W/ KALE
Busch Dining Hall,Busch,2025-10-05,Sunday,Dinner,DELI BAR ENTREE,GRILLED CHICKEN MONTREAL
Busch Dining Hall,Busch,2025-10-05,Sunday,Dinner,DELI BAR ENTREE,MARINARA SAUCE
Busch Dining Hall,Busch,2025-10-05,Sunday,Dinner,DELI BAR ENTREE,PENNE  PASTA
Busch Dining Hall,Busch,2025-10-05,Sunday,Dinner,DELI BAR ENTREE,PEPPERONI PIZZA
Busch Dining Hall,Busch,2025-10-05,Sunday,Dinner,DELI BAR ENTREE,WHOLE WHEAT PENNE
Busch Dining Hall,Busch,2025-10-05,Sunday,Dinner,DELI BAR ENTREE,ALFREDO SAUCE
Busch Dining Hall,Busch,2025-10-05,Sunday,Dinner,DELI BAR ENTREE,BABY SPINACH
Busch Dining Hall,Busch,2025-10-05,Sunday,Dinner,DELI BAR ENTREE,BROCCOLI
Busch Dining Hall,Busch,2025-10-05,Sunday,Dinner,DELI BAR ENTREE,CANOLA OIL
Busch Dining Hall,Busch,2025-10-05,Sunday,Dinner,DELI BAR ENTREE,CHOPPED GARLIC
Busch Dining Hall,Busch,2025-10-05,Sunday,Dinner,DELI BAR ENTREE,DICED TOFU
Busch Dining Hall,Busch,2025-10-05,Sunday,Dinner,DELI BAR ENTREE,FRESH CHICKEN STRIPS
Busch Dining Hall,Busch,2025-10-05,Sunday,Dinner,DELI BAR ENTREE,MARINARA SAUCE
Busch Dining Hall,Busch,2025-10-05,Sunday,Dinner,DELI BAR ENTREE,OLIVE AND CANOLA OIL BLEND
Busch Dining Hall,Busch,2025-10-05,Sunday,Dinner,DELI BAR ENTREE,PARMESAN CHEESE
Busch Dining Hall,Busch,2025-10-05,Sunday,Dinner,DELI BAR ENTREE,PENNE  PASTA
Busch Dining Hall,Busch,2025-10-05,Sunday,Dinner,DELI BAR ENTREE,PESTO
Busch Dining Hall,Busch,2025-10-05,Sunday,Dinner,DELI BAR ENTREE,PINK PASTA SAUCE
Busch Dining Hall,Busch,2025-10-05,Sunday,Dinner,DELI BAR ENTREE,PORK SAUSAGE CRUMBLES
Busch Dining Hall,Busch,2025-10-05,Sunday,Dinner,DELI BAR ENTREE,RED ONION
Busch Dining Hall,Busch,2025-10-05,Sunday,Dinner,DELI BAR ENTREE,SHREDDED MOZZARELLA CHEESE
Busch Dining Hall,Busch,2025-10-05,Sunday,Dinner,DELI BAR ENTREE,SHRIMP
Busch Dining Hall,Busch,2025-10-05,Sunday,Dinner,DELI BAR ENTREE,SLICED MUSHROOMS
Busch Dining Hall,Busch,2025-10-05,Sunday,Dinner,DELI BAR ENTREE,WHOLE WHEAT PENNE
Busch Dining Hall,Busch,2025-10-05,Sunday,Dinner,DELI BAR ENTREE,BUILD YOUR OWN BURGERS
Busch Dining Hall,Busch,2025-10-05,Sunday,Dinner,ENTREES,ALFREDO SAUCE
Busch Dining Hall,Busch,2025-10-05,Sunday,Dinner,ENTREES,CHEESE PIZZA
Busch Dining Hall,Busch,2025-10-05,Sunday,Dinner,ENTREES,CHEESY BAKED PUMPKIN PASTA W/ KALE
Busch Dining Hall,Busch,2025-10-05,Sunday,Dinner,ENTREES,GRILLED CHICKEN MONTREAL
Busch Dining Hall,Busch,2025-10-05,Sunday,Dinner,ENTREES,MARINARA SAUCE
Busch Dining Hall,Busch,2025-10-05,Sunday,Dinner,ENTREES,PENNE  PASTA
Busch Dining Hall,Busch,2025-10-05,Sunday,Dinner,ENTREES,PEPPERONI PIZZA
Busch Dining Hall,Busch,2025-10-05,Sunday,Dinner,ENTREES,WHOLE WHEAT PENNE
Busch Dining Hall,Busch,2025-10-05,Sunday,Dinner,ENTREES,ALFREDO SAUCE
Busch Dining Hall,Busch,2025-10-05,Sunday,Dinner,ENTREES,BABY SPINACH
Busch Dining Hall,Busch,2025-10-05,Sunday,Dinner,ENTREES,BROCCOLI
Busch Dining Hall,Busch,2025-10-05,Sunday,Dinner,ENTREES,CANOLA OIL
Busch Dining Hall,Busch,2025-10-05,Sunday,Dinner,ENTREES,CHOPPED GARLIC
Busch Dining Hall,Busch,2025-10-05,Sunday,Dinner,ENTREES,DICED TOFU
Busch Dining Hall,Busch,2025-10-05,Sunday,Dinner,ENTREES,FRESH CHICKEN STRIPS
Busch Dining Hall,Busch,2025-10-05,Sunday,Dinner,ENTREES,MARINARA SAUCE
Busch Dining Hall,Busch,2025-10-05,Sunday,Dinner,ENTREES,OLIVE AND CANOLA OIL BLEND
Busch Dining Hall,Busch,2025-10-05,Sunday,Dinner,ENTREES,PARMESAN CHEESE
Busch Dining Hall,Busch,2025-10-05,Sunday,Dinner,ENTREES,PENNE  PASTA
Busch Dining Hall,Busch,2025-10-05,Sunday,Dinner,ENTREES,PESTO
Busch Dining Hall,Busch,2025-10-05,Sunday,Dinner,ENTREES,PINK PASTA SAUCE
Busch Dining Hall,Busch,2025-10-05,Sunday,Dinner,ENTREES,PORK SAUSAGE CRUMBLES
Busch Dining Hall,Busch,2025-10-05,Sunday,Dinner,ENTREES,RED ONION
Busch Dining Hall,Busch,2025-10-05,Sunday,Dinner,ENTREES,SHREDDED MOZZARELLA CHEESE
Busch Dining Hall,Busch,2025-10-05,Sunday,Dinner,ENTREES,SHRIMP
Busch Dining Hall,Busch,2025-10-05,Sunday,Dinner,ENTREES,SLICED MUSHROOMS
Busch Dining Hall,Busch,2025-10-05,Sunday,Dinner,ENTREES,WHOLE WHEAT PENNE
Busch Dining Hall,Busch,2025-10-05,Sunday,Dinner,ENTREES,BUILD YOUR OWN BURGERS
Busch Dining Hall,Busch,2025-10-05,Sunday,Dinner,COOK TO ORDER BAR,ALFREDO SAUCE
Busch Dining Hall,Busch,2025-10-05,Sunday,Dinner,COOK TO ORDER BAR,CHEESE PIZZA
Busch Dining Hall,Busch,2025-10-05,Sunday,Dinner,COOK TO ORDER BAR,CHEESY BAKED PUMPKIN PASTA W/ KALE
Busch Dining Hall,Busch,2025-10-05,Sunday,Dinner,COOK TO ORDER BAR,GRILLED CHICKEN MONTREAL
Busch Dining Hall,Busch,2025-10-05,Sunday,Dinner,COOK TO ORDER BAR,MARINARA SAUCE
Busch Dining Hall,Busch,2025-10-05,Sunday,Dinner,COOK TO ORDER BAR,PENNE  PASTA
Busch Dining Hall,Busch,2025-10-05,Sunday,Dinner,COOK TO ORDER BAR,PEPPERONI PIZZA
Busch Dining Hall,Busch,2025-10-05,Sunday,Dinner,COOK TO ORDER BAR,WHOLE WHEAT PENNE
Busch Dining Hall,Busch,2025-10-05,Sunday,Dinner,COOK TO ORDER BAR,ALFREDO SAUCE
Busch Dining Hall,Busch,2025-10-05,Sunday,Dinner,COOK TO ORDER BAR,BABY SPINACH
Busch Dining Hall,Busch,2025-10-05,Sunday,Dinner,COOK TO ORDER BAR,BROCCOLI
Busch Dining Hall,Busch,2025-10-05,Sunday,Dinner,COOK TO ORDER BAR,CANOLA OIL
Busch Dining Hall,Busch,2025-10-05,Sunday,Dinner,COOK TO ORDER BAR,CHOPPED GARLIC
Busch Dining Hall,Busch,2025-10-05,Sunday,Dinner,COOK TO ORDER BAR,DICED TOFU
Busch Dining Hall,Busch,2025-10-05,Sunday,Dinner,COOK TO ORDER BAR,FRESH CHICKEN STRIPS
Busch Dining Hall,Busch,2025-10-05,Sunday,Dinner,COOK TO ORDER BAR,MARINARA SAUCE
Busch Dining Hall,Busch,2025-10-05,Sunday,Dinner,COOK TO ORDER BAR,OLIVE AND CANOLA OIL BLEND
Busch Dining Hall,Busch,2025-10-05,Sunday,Dinner,COOK TO ORDER BAR,PARMESAN CHEESE
Busch Dining Hall,Busch,2025-10-05,Sunday,Dinner,COOK TO ORDER BAR,PENNE  PASTA
Busch Dining Hall,Busch,2025-10-05,Sunday,Dinner,COOK TO ORDER BAR,PESTO
Busch Dining Hall,Busch,2025-10-05,Sunday,Dinner,COOK TO ORDER BAR,PINK PASTA SAUCE
Busch Dining Hall,Busch,2025-10-05,Sunday,Dinner,COOK TO ORDER BAR,PORK SAUSAGE CRUMBLES
Busch Dining Hall,Busch,2025-10-05,Sunday,Dinner,COOK TO ORDER BAR,RED ONION
Busch Dining Hall,Busch,2025-10-05,Sunday,Dinner,COOK TO ORDER BAR,SHREDDED MOZZARELLA CHEESE
Busch Dining Hall,Busch,2025-10-05,Sunday,Dinner,COOK TO ORDER BAR,SHRIMP
Busch Dining Hall,Busch,2025-10-05,Sunday,Dinner,COOK TO ORDER BAR,SLICED MUSHROOMS
Busch Dining Hall,Busch,2025-10-05,Sunday,Dinner,COOK TO ORDER BAR,WHOLE WHEAT PENNE
Busch Dining Hall,Busch,2025-10-05,Sunday,Dinner,COOK TO ORDER BAR,BUILD YOUR OWN BURGERS
Busch Dining Hall,Busch,2025-10-05,Sunday,Dinner,PIZZA & PASTA,ALFREDO SAUCE
Busch Dining Hall,Busch,2025-10-05,Sunday,Dinner,PIZZA & PASTA,CHEESE PIZZA
Busch Dining Hall,Busch,2025-10-05,Sunday,Dinner,PIZZA & PASTA,CHEESY BAKED PUMPKIN PASTA W/ KALE
Busch Dining Hall,Busch,2025-10-05,Sunday,Dinner,PIZZA & PASTA,GRILLED CHICKEN MONTREAL
Busch Dining Hall,Busch,2025-10-05,Sunday,Dinner,PIZZA & PASTA,MARINARA SAUCE
Busch Dining Hall,Busch,2025-10-05,Sunday,Dinner,PIZZA & PASTA,PENNE  PASTA
Busch Dining Hall,Busch,2025-10-05,Sunday,Dinner,PIZZA & PASTA,PEPPERONI PIZZA
Busch Dining Hall,Busch,2025-10-05,Sunday,Dinner,PIZZA & PASTA,WHOLE WHEAT PENNE
Busch Dining Hall,Busch,2025-10-05,Sunday,Dinner,PIZZA & PASTA,ALFREDO SAUCE
Busch Dining Hall,Busch,2025-10-05,Sunday,Dinner,PIZZA & PASTA,BABY SPINACH
Busch Dining Hall,Busch,2025-10-05,Sunday,Dinner,PIZZA & PASTA,BROCCOLI
Busch Dining Hall,Busch,2025-10-05,Sunday,Dinner,PIZZA & PASTA,CANOLA OIL
Busch Dining Hall,Busch,2025-10-05,Sunday,Dinner,PIZZA & PASTA,CHOPPED GARLIC
Busch Dining Hall,Busch,2025-10-05,Sunday,Dinner,PIZZA & PASTA,DICED TOFU
Busch Dining Hall,Busch,2025-10-05,Sunday,Dinner,PIZZA & PASTA,FRESH CHICKEN STRIPS
Busch Dining Hall,Busch,2025-10-05,Sunday,Dinner,PIZZA & PASTA,MARINARA SAUCE
Busch Dining Hall,Busch,2025-10-05,Sunday,Dinner,PIZZA & PASTA,OLIVE AND CANOLA OIL BLEND
Busch Dining Hall,Busch,2025-10-05,Sunday,Dinner,PIZZA & PASTA,PARMESAN CHEESE
Busch Dining Hall,Busch,2025-10-05,Sunday,Dinner,PIZZA & PASTA,PENNE  PASTA
Busch Dining Hall,Busch,2025-10-05,Sunday,Dinner,PIZZA & PASTA,PESTO
Busch Dining Hall,Busch,2025-10-05,Sunday,Dinner,PIZZA & PASTA,PINK PASTA SAUCE
Busch Dining Hall,Busch,2025-10-05,Sunday,Dinner,PIZZA & PASTA,PORK SAUSAGE CRUMBLES
Busch Dining Hall,Busch,2025-10-05,Sunday,Dinner,PIZZA & PASTA,RED ONION
Busch Dining Hall,Busch,2025-10-05,Sunday,Dinner,PIZZA & PASTA,SHREDDED MOZZARELLA CHEESE
Busch Dining Hall,Busch,2025-10-05,Sunday,Dinner,PIZZA & PASTA,SHRIMP
Busch Dining Hall,Busch,2025-10-05,Sunday,Dinner,PIZZA & PASTA,SLICED MUSHROOMS
Busch Dining Hall,Busch,2025-10-05,Sunday,Dinner,PIZZA & PASTA,WHOLE WHEAT PENNE
Busch Dining Hall,Busch,2025-10-05,Sunday,Dinner,PIZZA & PASTA,BUILD YOUR OWN BURGERS
Busch Dining Hall,Busch,2025-10-05,Sunday,Dinner,PASTA STATION,ALFREDO SAUCE
Busch Dining Hall,Busch,2025-10-05,Sunday,Dinner,PASTA STATION,CHEESE PIZZA
Busch Dining Hall,Busch,2025-10-05,Sunday,Dinner,PASTA STATION,CHEESY BAKED PUMPKIN PASTA W/ KALE
Busch Dining Hall,Busch,2025-10-05,Sunday,Dinner,PASTA STATION,GRILLED CHICKEN MONTREAL
Busch Dining Hall,Busch,2025-10-05,Sunday,Dinner,PASTA STATION,MARINARA SAUCE
Busch Dining Hall,Busch,2025-10-05,Sunday,Dinner,PASTA STATION,PENNE  PASTA
Busch Dining Hall,Busch,2025-10-05,Sunday,Dinner,PASTA STATION,PEPPERONI PIZZA
Busch Dining Hall,Busch,2025-10-05,Sunday,Dinner,PASTA STATION,WHOLE WHEAT PENNE
Busch Dining Hall,Busch,2025-10-05,Sunday,Dinner,PASTA STATION,ALFREDO SAUCE
Busch Dining Hall,Busch,2025-10-05,Sunday,Dinner,PASTA STATION,BABY SPINACH
Busch Dining Hall,Busch,2025-10-05,Sunday,Dinner,PASTA STATION,BROCCOLI
Busch Dining Hall,Busch,2025-10-05,Sunday,Dinner,PASTA STATION,CANOLA OIL
Busch Dining Hall,Busch,2025-10-05,Sunday,Dinner,PASTA STATION,CHOPPED GARLIC
Busch Dining Hall,Busch,2025-10-05,Sunday,Dinner,PASTA STATION,DICED TOFU
Busch Dining Hall,Busch,2025-10-05,Sunday,Dinner,PASTA STATION,FRESH CHICKEN STRIPS
Busch Dining Hall,Busch,2025-10-05,Sunday,Dinner,PASTA STATION,MARINARA SAUCE
Busch Dining Hall,Busch,2025-10-05,Sunday,Dinner,PASTA STATION,OLIVE AND CANOLA OIL BLEND
Busch Dining Hall,Busch,2025-10-05,Sunday,Dinner,PASTA STATION,PARMESAN CHEESE
Busch Dining Hall,Busch,2025-10-05,Sunday,Dinner,PASTA STATION,PENNE  PASTA
Busch Dining Hall,Busch,2025-10-05,Sunday,Dinner,PASTA STATION,PESTO
Busch Dining Hall,Busch,2025-10-05,Sunday,Dinner,PASTA STATION,PINK PASTA SAUCE
Busch Dining Hall,Busch,2025-10-05,Sunday,Dinner,PASTA STATION,PORK SAUSAGE CRUMBLES
Busch Dining Hall,Busch,2025-10-05,Sunday,Dinner,PASTA STATION,RED ONION
Busch Dining Hall,Busch,2025-10-05,Sunday,Dinner,PASTA STATION,SHREDDED MOZZARELLA CHEESE
Busch Dining Hall,Busch,2025-10-05,Sunday,Dinner,PASTA STATION,SHRIMP
Busch Dining Hall,Busch,2025-10-05,Sunday,Dinner,PASTA STATION,SLICED MUSHROOMS
Busch Dining Hall,Busch,2025-10-05,Sunday,Dinner,PASTA STATION,WHOLE WHEAT PENNE
Busch Dining Hall,Busch,2025-10-05,Sunday,Dinner,PASTA STATION,BUILD YOUR OWN BURGERS
Busch Dining Hall,Busch,2025-10-05,Sunday,Dinner,CTO MASTER,ALFREDO SAUCE
Busch Dining Hall,Busch,2025-10-05,Sunday,Dinner,CTO MASTER,CHEESE PIZZA
Busch Dining Hall,Busch,2025-10-05,Sunday,Dinner,CTO MASTER,CHEESY BAKED PUMPKIN PASTA W/ KALE
Busch Dining Hall,Busch,2025-10-05,Sunday,Dinner,CTO MASTER,GRILLED CHICKEN MONTREAL
Busch Dining Hall,Busch,2025-10-05,Sunday,Dinner,CTO MASTER,MARINARA SAUCE
Busch Dining Hall,Busch,2025-10-05,Sunday,Dinner,CTO MASTER,PENNE  PASTA
Busch Dining Hall,Busch,2025-10-05,Sunday,Dinner,CTO MASTER,PEPPERONI PIZZA
Busch Dining Hall,Busch,2025-10-05,Sunday,Dinner,CTO MASTER,WHOLE WHEAT PENNE
Busch Dining Hall,Busch,2025-10-05,Sunday,Dinner,CTO MASTER,ALFREDO SAUCE
Busch Dining Hall,Busch,2025-10-05,Sunday,Dinner,CTO MASTER,BABY SPINACH
Busch Dining Hall,Busch,2025-10-05,Sunday,Dinner,CTO MASTER,BROCCOLI
Busch Dining Hall,Busch,2025-10-05,Sunday,Dinner,CTO MASTER,CANOLA OIL
Busch Dining Hall,Busch,2025-10-05,Sunday,Dinner,CTO MASTER,CHOPPED GARLIC
Busch Dining Hall,Busch,2025-10-05,Sunday,Dinner,CTO MASTER,DICED TOFU
Busch Dining Hall,Busch,2025-10-05,Sunday,Dinner,CTO MASTER,FRESH CHICKEN STRIPS
Busch Dining Hall,Busch,2025-10-05,Sunday,Dinner,CTO MASTER,MARINARA SAUCE
Busch Dining Hall,Busch,2025-10-05,Sunday,Dinner,CTO MASTER,OLIVE AND CANOLA OIL BLEND
Busch Dining Hall,Busch,2025-10-05,Sunday,Dinner,CTO MASTER,PARMESAN CHEESE
Busch Dining Hall,Busch,2025-10-05,Sunday,Dinner,CTO MASTER,PENNE  PASTA
Busch Dining Hall,Busch,2025-10-05,Sunday,Dinner,CTO MASTER,PESTO
Busch Dining Hall,Busch,2025-10-05,Sunday,Dinner,CTO MASTER,PINK PASTA SAUCE
Busch Dining Hall,Busch,2025-10-05,Sunday,Dinner,CTO MASTER,PORK SAUSAGE CRUMBLES
Busch Dining Hall,Busch,2025-10-05,Sunday,Dinner,CTO MASTER,RED ONION
Busch Dining Hall,Busch,2025-10-05,Sunday,Dinner,CTO MASTER,SHREDDED MOZZARELLA CHEESE
Busch Dining Hall,Busch,2025-10-05,Sunday,Dinner,CTO MASTER,SHRIMP
Busch Dining Hall,Busch,2025-10-05,Sunday,Dinner,CTO MASTER,SLICED MUSHROOMS
Busch Dining Hall,Busch,2025-10-05,Sunday,Dinner,CTO MASTER,WHOLE WHEAT PENNE
Busch Dining Hall,Busch,2025-10-05,Sunday,Dinner,CTO MASTER,BUILD YOUR OWN BURGERS
Busch Dining Hall,Busch,2025-10-05,Sunday,Dinner,SALAD BAR,SPRING MIX GREENS
Busch Dining Hall,Busch,2025-10-05,Sunday,Dinner,SALAD BAR,CHOPPED ROMAINE LETTUCE
Busch Dining Hall,Busch,2025-10-05,Sunday,Dinner,SALAD BAR,BABY SPINACH
Busch Dining Hall,Busch,2025-10-05,Sunday,Dinner,SALAD BAR,SHREDDED RED CABBAGE
Busch Dining Hall,Busch,2025-10-05,Sunday,Dinner,SALAD BAR,CHERRY TOMATOES
Busch Dining Hall,Busch,2025-10-05,Sunday,Dinner,SALAD BAR,TOMATO WEDGES
Busch Dining Hall,Busch,2025-10-05,Sunday,Dinner,SALAD BAR,CUCUMBERS
Busch Dining Hall,Busch,2025-10-05,Sunday,Dinner,SALAD BAR,RED ONION
Busch Dining Hall,Busch,2025-10-05,Sunday,Dinner,SALAD BAR,BROCCOLI FLORETS
Busch Dining Hall,Busch,2025-10-05,Sunday,Dinner,SALAD BAR,CAULIFLOWER FLORETS
Busch Dining Hall,Busch,2025-10-05,Sunday,Dinner,SALAD BAR,SLICED MUSHROOMS
Busch Dining Hall,Busch,2025-10-05,Sunday,Dinner,SALAD BAR,SHREDDED CARROTS
Busch Dining Hall,Busch,2025-10-05,Sunday,Dinner,SALAD BAR,CHOPPED SWEET RED PEPPERS
Busch Dining Hall,Busch,2025-10-05,Sunday,Dinner,SALAD BAR,BABY CORN
Busch Dining Hall,Busch,2025-10-05,Sunday,Dinner,SALAD BAR,CORN KERNELS
Busch Dining Hall,Busch,2025-10-05,Sunday,Dinner,SALAD BAR,SLICED BEETS
Busch Dining Hall,Busch,2025-10-05,Sunday,Dinner,SALAD BAR,ARTICHOKE HEARTS
Busch Dining Hall,Busch,2025-10-05,Sunday,Dinner,SALAD BAR,CROUTONS
Busch Dining Hall,Busch,2025-10-05,Sunday,Dinner,SALAD BAR,HARDBOILED EGGS
Busch Dining Hall,Busch,2025-10-05,Sunday,Dinner,SALAD BAR,DICED TOFU
Busch Dining Hall,Busch,2025-10-05,Sunday,Dinner,SALAD BAR,WHITE CANNELLINI BEAN
Busch Dining Hall,Busch,2025-10-05,Sunday,Dinner,SALAD BAR,KIDNEY BEANS
Busch Dining Hall,Busch,2025-10-05,Sunday,Dinner,SALAD BAR,CHICKPEAS
Busch Dining Hall,Busch,2025-10-05,Sunday,Dinner,SALAD BAR,SEASONED BLACK BEANS
Busch Dining Hall,Busch,2025-10-05,Sunday,Dinner,SALAD BAR,SHREDDED CHEDDAR  CHEESE
Busch Dining Hall,Busch,2025-10-05,Sunday,Dinner,SALAD BAR,SHREDDED MOZZARELLA CHEESE
Busch Dining Hall,Busch,2025-10-05,Sunday,Dinner,SALAD BAR,CRUMBLED FETA CHEESE
Busch Dining Hall,Busch,2025-10-05,Sunday,Dinner,SALAD BAR,KALAMATA OLIVES
Busch Dining Hall,Busch,2025-10-05,Sunday,Dinner,SALAD BAR,WHOLE BLACK PITTED OLIVES
Busch Dining Hall,Busch,2025-10-05,Sunday,Dinner,SALAD BAR,RIPE SLICED OLIVES
Busch Dining Hall,Busch,2025-10-05,Sunday,Dinner,SALAD BAR,PICKLE CHIPS
Busch Dining Hall,Busch,2025-10-05,Sunday,Dinner,SALAD BAR,PEPPERONCINI PEPPERS
Busch Dining Hall,Busch,2025-10-05,Sunday,Dinner,SALAD BAR,MARINATED ARTICHOKE HEARTS
Busch Dining Hall,Busch,2025-10-05,Sunday,Dinner,SALAD BAR,WASABI PEAS
Busch Dining Hall,Busch,2025-10-05,Sunday,Dinner,SALAD DRESSINGS,OLIVE AND CANOLA OIL BLEND
Busch Dining Hall,Busch,2025-10-05,Sunday,Dinner,SALAD DRESSINGS,BALSAMIC VINEGAR
Busch Dining Hall,Busch,2025-10-05,Sunday,Dinner,SALAD DRESSINGS,CAESAR DRESSING
Busch Dining Hall,Busch,2025-10-05,Sunday,Dinner,SALAD DRESSINGS,GOLDEN ITALIAN DRESSING
Busch Dining Hall,Busch,2025-10-05,Sunday,Dinner,SALAD DRESSINGS,RANCH DRESSING
Busch Dining Hall,Busch,2025-10-05,Sunday,Dinner,SALAD DRESSINGS,RASPBERRY VINAGRETTE DRESSING
Busch Dining Hall,Busch,2025-10-05,Sunday,Dinner,SALAD DRESSINGS,BALSAMIC VINAIGRETTE
Busch Dining Hall,Busch,2025-10-05,Sunday,Dinner,SALAD DRESSINGS,BLUE CHEESE DRESSING
Busch Dining Hall,Busch,2025-10-05,Sunday,Dinner,FRESH FRUIT,GRANNY SMITH APPLES
Busch Dining Hall,Busch,2025-10-05,Sunday,Dinner,FRESH FRUIT,RED DELICIOUS APPLES
Busch Dining Hall,Busch,2025-10-05,Sunday,Dinner,FRESH FRUIT,BANANAS
Busch Dining Hall,Busch,2025-10-05,Sunday,Dinner,FRESH FRUIT,WHOLE ORANGES
Busch Dining Hall,Busch,2025-10-05,Sunday,Dinner,FRESH FRUIT,RED GRAPEFRUIT
Busch Dining Hall,Busch,2025-10-05,Sunday,Dinner,FRESH FRUIT,STRAWBERRIES
Busch Dining Hall,Busch,2025-10-05,Sunday,Dinner,FRESH FRUIT,GREEN SEEDLESS GRAPES
Busch Dining Hall,Busch,2025-10-05,Sunday,Dinner,FRESH FRUIT,RED SEEDLESS  GRAPES
Busch Dining Hall,Busch,2025-10-05,Sunday,Dinner,FRESH FRUIT,WATERMELON
Busch Dining Hall,Busch,2025-10-05,Sunday,Dinner,FRESH FRUIT,CUT HONEYDEW MELON
Busch Dining Hall,Busch,2025-10-05,Sunday,Dinner,FRESH FRUIT,CUT PINEAPPLE
Busch Dining Hall,Busch,2025-10-05,Sunday,Dinner,FRESH FRUIT,CUT CANTELOUPE
Busch Dining Hall,Busch,2025-10-05,Sunday,Dinner,BREADS,ENGLISH MUFFIN
Busch Dining Hall,Busch,2025-10-05,Sunday,Dinner,BREADS,PANINI BREAD
Busch Dining Hall,Busch,2025-10-05,Sunday,Dinner,BREADS,PITA BREAD
Busch Dining Hall,Busch,2025-10-05,Sunday,Dinner,BREADS,SLICED PUMPERNICKEL BREAD
Busch Dining Hall,Busch,2025-10-05,Sunday,Dinner,BREADS,SLICED RYE BREAD
Busch Dining Hall,Busch,2025-10-05,Sunday,Dinner,BREADS,SLICED WHOLE WHEAT BREAD
Busch Dining Hall,Busch,2025-10-05,Sunday,Dinner,BREADS,SLICED WHITE BREAD
Busch Dining Hall,Busch,2025-10-05,Sunday,Dinner,BREADS,VARIETY WRAPS
Busch Dining Hall,Busch,2025-10-05,Sunday,Dinner,BREADS,MEDIUM KAISER ROLL
